Id,median_house_value
0,252944.2578326508
1,282363.5713566324
2,76310.86638282273
3,167266.1837307196
4,48309.44143620288
5,212835.1573220305
6,89688.7625676683
7,104204.30091765203
8,155560.0972322038
9,85718.15978576917
10,248923.36730818142
11,242939.7231447343
12,224745.28156583436
13,205609.86830042687
14,242826.54708748637
15,83249.84063036626
16,94163.48850375833
17,155696.0129680058
18,254492.29458206624
19,470281.3011707879
20,294354.2462433998
21,257230.30986899475
22,46596.14333415429
23,456350.6067289437
24,228078.78595640635
25,87511.11634642967
26,307264.2293286062
27,157104.9999480359
28,97365.88931653884
29,92391.89582549955
30,61806.77573155125
31,262797.9141047502
32,201917.8944078519
33,178259.51340342482
34,108386.0518535664
35,130377.46485630033
36,80784.10240096797
37,127248.14492736138
38,347967.0662844753
39,173532.6436051712
40,182073.1317883876
41,156329.6733688792
42,234725.74108875822
43,228450.82622467447
44,208272.8233365883
45,185710.5876703266
46,274216.4208077814
47,242681.49426768092
48,86519.42328844237
49,105323.00508118693
50,242795.04366328567
51,488918.09520302096
52,200589.35774956338
53,313252.95934531186
54,92878.1462382294
55,351695.0183938483
56,242242.36899797473
57,174101.0722445608
58,393614.1751951724
59,174085.02801130834
60,182225.66378093523
61,190686.06556248752
62,307441.56009392784
63,300268.00920204306
64,170698.58239682205
65,410044.0059544897
66,151164.00994197204
67,99159.94140298472
68,138401.77848151926
69,154313.461027948
70,96534.91934569908
71,218761.09286765527
72,93620.59488457165
73,230028.91095849144
74,124549.35509726041
75,236946.15740446147
76,133967.65946841097
77,126417.00513854323
78,183415.28336482387
79,198713.87132758694
80,83041.99285595934
81,96922.61066290893
82,186950.04263195
83,91471.24797587714
84,255268.90177554483
85,132317.07909274576
86,138807.05279902153
87,265632.7916960992
88,152271.43260517064
89,102936.97843420596
90,123359.53045409947
91,167298.19574424386
92,297478.12120949535
93,143355.20525628515
94,309157.6000602592
95,347745.6707467559
96,289070.3511544744
97,465022.4789920872
98,169436.0658581744
99,310890.99478592386
100,281546.17136205564
101,58448.259040023455
102,277671.9039735084
103,341688.00818153063
104,101786.9436763718
105,181442.7006686505
106,172201.54684839814
107,137817.56455189502
108,247013.55208802124
109,55716.17467044717
110,155480.58171375885
111,149134.09632969263
112,161762.18517683592
113,130521.12833898807
114,66829.83382692462
115,266653.68705324177
116,194119.25576750858
117,225111.7267911411
118,105787.3189184352
119,336745.93425775657
120,321006.765370163
121,135294.64279651156
122,268832.54078641045
123,165476.31184390967
124,139816.59093924973
125,401469.3470288369
126,64609.10852755594
127,112055.14631123043
128,70472.02440687561
129,152836.87282431393
130,118591.60422049298
131,390493.2647321839
132,199780.89401639992
133,359725.617252539
134,174581.85233878234
135,194095.36180435793
136,67872.77984035164
137,131204.16686245453
138,141999.3371583785
139,165651.32954500674
140,306185.336018883
141,120226.32916375132
142,234796.18182461144
143,275396.9869179462
144,156032.7903382087
145,159183.72979112336
146,170158.73595421232
147,209363.26154666307
148,278176.70932407887
149,399044.1993442006
150,271141.304193203
151,206159.71665809292
152,159708.68798299803
153,169699.16137351468
154,202509.3503502336
155,47478.96442669282
156,190192.11111423624
157,312903.52054494346
158,59866.13301582854
159,98496.30181301234
160,139145.90452830907
161,123515.45965682197
162,283875.45108780207
163,100543.13949979824
164,197926.7608733836
165,195306.67716157963
166,395741.15889614035
167,207053.14039923527
168,105079.68021760584
169,40421.907121492346
170,312626.352661018
171,216831.834244225
172,370465.72653780924
173,206795.71695696184
174,184102.6303082279
175,340367.0774572033
176,94939.78498807081
177,304323.2259744818
178,161509.92393830235
179,270719.97456234193
180,282555.0907311536
181,391280.99385165516
182,74230.39018705853
183,212403.3895488077
184,195940.78560169443
185,160187.1619709303
186,224128.8072693563
187,215741.59270880505
188,287944.39496172714
189,160337.81005835166
190,117748.02476075402
191,122907.11711560539
192,252046.9079492146
193,186388.33094271447
194,156122.14568777737
195,125532.08395623145
196,161142.26910681947
197,224651.02048854486
198,312837.84140668414
199,204633.15237811266
200,143288.02714494575
201,225076.99967827575
202,285602.2186077391
203,189328.42802664533
204,411329.5410061802
205,216090.45472975945
206,329897.0154323055
207,87650.30701348791
208,117999.62094061088
209,295259.15564309235
210,312016.5962935595
211,433292.074376339
212,104996.09999672296
213,82414.46667604419
214,165088.85781760927
215,96817.68493832159
216,314000.22373041965
217,250164.28635440452
218,230480.85693486384
219,196333.75734432339
220,233890.7574355013
221,248653.00458726237
222,185986.8621494531
223,269806.7447743121
224,332024.9922904447
225,192987.86949207415
226,172939.84456810507
227,99920.76049183568
228,297607.7918768216
229,373989.98756318784
230,259073.49421744718
231,124359.86727001834
232,501592.20073561964
233,179803.69707779266
234,121531.22973248165
235,310138.8103117533
236,252920.4350916279
237,119950.19921866462
238,201360.38694237877
239,119079.5122266647
240,237730.2814101522
241,457668.1671974703
242,407183.51489740127
243,145803.34341688862
244,108916.190409405
245,206995.37290224066
246,272418.7792729915
247,297188.0405662098
248,85559.92744119263
249,114172.67638500768
250,156774.6489740723
251,242627.58804712343
252,88055.73086288576
253,242930.82034814951
254,393216.75349724403
255,489764.35839282954
256,226830.3127875941
257,71131.506622512
258,154453.09956357238
259,301192.8747129594
260,130792.53449799446
261,295525.16085909435
262,135246.34757036786
263,82829.402536588
264,373646.1803874603
265,262020.35096782647
266,192372.16519953916
267,222452.23598813638
268,137099.61514769093
269,238024.15243574715
270,234653.9726715229
271,173890.92815513222
272,63817.88766514395
273,276737.15548696544
274,89169.5370401653
275,273100.0739478143
276,141507.37149789796
277,140957.14079719846
278,107277.78832064247
279,222904.7400238252
280,440804.7382617943
281,400910.514992569
282,187756.01754405786
283,210780.94305868924
284,412375.8527235084
285,173128.94239212593
286,235201.4022174271
287,161435.3500424858
288,154794.16373905045
289,154771.1199795914
290,213491.75719145837
291,184209.97664030764
292,192651.81051652756
293,136587.48341058538
294,113273.33675551484
295,145843.14308026357
296,94277.30545264896
297,93452.62274991903
298,96001.90110981243
299,219040.53719733068
300,104923.65478950483
301,284534.0659897676
302,235429.21437994932
303,220925.01622461085
304,188421.52213576803
305,265501.90058372467
306,379696.15216899593
307,485854.00430296396
308,533482.6191187089
309,186220.71772383814
310,249956.63416554965
311,477342.85098319023
312,374292.93486925436
313,166613.44519814244
314,163797.20746051485
315,251436.4109559365
316,236580.01182638653
317,214843.76792587747
318,297604.8964516684
319,240774.53807525788
320,206117.20618366255
321,112487.49635236838
322,288071.22508743405
323,149096.4338755795
324,187444.49682157897
325,237659.13296670414
326,229936.6390310829
327,180491.0948935528
328,307146.52191314904
329,235213.90585897386
330,134361.40221591352
331,207924.62706589996
332,75202.6630294654
333,171760.38053944233
334,205067.99035029078
335,80068.35924998691
336,201351.1422896157
337,508150.3516522009
338,205578.03420724755
339,90903.10403832511
340,218750.5256468288
341,264386.3734181297
342,145523.62189342664
343,119709.02586520105
344,286116.90401888965
345,196936.54759362264
346,310153.17016820423
347,129478.14910485724
348,51429.29065870665
349,170780.30047678662
350,217958.9181820897
351,219599.159033056
352,381642.136264849
353,293997.28698467393
354,132588.854063808
355,427972.57496325974
356,317864.9622751724
357,444541.48579059046
358,133561.416398546
359,187129.49882213533
360,148960.70500008258
361,159720.40556531335
362,87469.28021488801
363,78959.68247891299
364,107823.55910028804
365,278052.1811784189
366,355894.6026260668
367,140619.90914560898
368,180079.28389145446
369,123495.63390318895
370,255549.56304443616
371,84354.87664666
372,221469.564886766
373,88575.29254784108
374,286137.9879440237
375,140607.1008238378
376,171118.97440743094
377,172769.59464505012
378,89426.18149028238
379,233243.54783038175
380,434178.19835170073
381,210920.59792369575
382,189964.7474671348
383,105210.82268167473
384,104089.96498294776
385,187193.04219345382
386,126803.44364552344
387,122775.03287895866
388,237371.77228016307
389,231045.2089913022
390,169482.69346827446
391,57474.15639534555
392,289726.66627721954
393,478878.5160021024
394,103369.03264532867
395,105887.89817254402
396,188277.96167570987
397,91469.31934895476
398,146237.48831931208
399,265180.0757109354
400,443730.96894135367
401,126330.15957405049
402,291447.83358944254
403,117092.07845103464
404,222682.4190167952
405,393324.52695308055
406,218395.91183620802
407,225199.19709958305
408,320858.4866951256
409,284854.8828493726
410,119821.87836243625
411,203767.29276024195
412,85842.4091696697
413,232090.89771473838
414,92804.27979208675
415,362355.3111382731
416,423829.66779066616
417,70893.91433262613
418,339838.0968140643
419,228476.83981398097
420,246557.46524100547
421,252058.1263024271
422,184380.83085380064
423,159055.69513958026
424,377591.450998045
425,157419.38281841035
426,255206.74199450936
427,246363.0027155912
428,242898.899727373
429,157399.90899694507
430,149469.50008850277
431,82701.61484430749
432,198073.60445643534
433,286161.9994760231
434,189724.0350474092
435,54421.75335201844
436,103320.88928269416
437,289848.787781017
438,251941.64422897785
439,140690.2170294443
440,264404.99991788506
441,171749.31957790235
442,183396.07610574522
443,411749.7318723428
444,277174.64178749267
445,109319.76347999444
446,157096.09675833213
447,285180.5730393213
448,115253.24887790537
449,171809.52143435975
450,158303.25844433653
451,150982.07994075125
452,72496.86117894686
453,155450.26354477968
454,232163.14178557607
455,239862.02872218337
456,253532.67659967823
457,169463.5074838738
458,311976.03434813244
459,111443.51019868437
460,170160.90526757663
461,69936.37645299661
462,121124.91100521665
463,252505.13865662646
464,443608.6398005726
465,154422.22284946678
466,111364.71775014559
467,197806.1026213923
468,473710.55835268914
469,259004.10923192624
470,180693.49828927717
471,129306.72126237466
472,277864.4227829706
473,326547.4906834664
474,228865.69450113713
475,195691.89380973545
476,114631.9968194147
477,384543.51916672743
478,410039.2740609393
479,168898.37954328588
480,93536.58525530001
481,184874.36546996766
482,301268.95655519643
483,188466.70376805915
484,198279.57721271628
485,294127.3750419305
486,227449.41958880308
487,235425.2608166425
488,465139.55907238985
489,122680.3446146108
490,146538.3734836636
491,219626.1468181841
492,141515.01446386194
493,163549.80623523187
494,93818.58086574162
495,201838.62993993814
496,114217.83282291231
497,142861.1838552963
498,366573.7128463477
499,302999.516035654
500,78246.06722169078
501,379749.13601885404
502,125381.98778965486
503,273767.55137270933
504,316031.261027234
505,89256.14383966499
506,186690.11158504657
507,172653.97008613584
508,284840.34695554985
509,483594.60928945616
510,245187.48719003677
511,149688.77398485204
512,385458.4917590923
513,100064.13208061873
514,183385.85000600567
515,178146.16712720765
516,123058.49419201084
517,382302.84432070714
518,330851.9286806551
519,168787.0574761585
520,227620.05471318646
521,82129.37991211032
522,256571.55290609767
523,185288.06663119077
524,306119.68074380734
525,186683.60011197155
526,190018.11101621017
527,383122.88239198667
528,119163.64442004621
529,170085.33069325253
530,225222.48041861074
531,261735.55167558003
532,110121.29389260634
533,122358.45688854833
534,158637.24583569609
535,145862.96189217328
536,101053.1786869449
537,397141.13187748997
538,189691.4335383409
539,143524.51939955767
540,119652.97014713273
541,360486.9998730577
542,78487.57525503827
543,247576.32045752392
544,291156.49984516844
545,166151.6168070752
546,183820.46302221043
547,136882.79580944544
548,96313.05068659286
549,178866.27189571626
550,185198.98463331626
551,113111.56543915858
552,210716.95446589997
553,144511.66003494023
554,97281.81909114201
555,251195.61821166973
556,100283.98088418337
557,310784.8948365634
558,155963.99232952
559,150256.79285026406
560,145486.71682735736
561,196029.61901776592
562,274497.66677705635
563,230109.828970675
564,257552.4007614845
565,274325.6329959405
566,141547.8960269601
567,258441.5846224512
568,224478.12462887366
569,181528.35236133198
570,128728.94881958119
571,129003.71125331124
572,310200.1109727983
573,112889.13988265458
574,383092.99790069263
575,193551.1407311188
576,127509.9868537118
577,247655.0846034785
578,149998.9896025618
579,119315.38522916933
580,494153.6259614881
581,270276.0228867501
582,161150.0410882162
583,131912.73542766238
584,153476.871876786
585,255323.2588314094
586,148518.58144707454
587,271187.56878462736
588,105057.03557057987
589,343088.0354369868
590,155230.46771115862
591,193054.43281989516
592,115113.75924493937
593,173195.2249558463
594,103815.54130443209
595,65121.30887351238
596,160461.92520462908
597,341349.1002237334
598,301599.28143707133
599,164224.05363090377
600,83719.68610076168
601,177602.9952920389
602,54952.958404607714
603,171384.60415785803
604,151859.48435932765
605,72943.86509185695
606,541234.063762913
607,106658.73724039725
608,365659.34016238205
609,140854.58696772894
610,329643.35404820053
611,127769.53673441157
612,147388.78941265718
613,238525.17697533456
614,282823.9755499648
615,343795.3980669703
616,160481.5108815177
617,423036.5381239172
618,190196.69936010998
619,227963.59209342723
620,234611.72378215875
621,122312.53199605763
622,128079.2775959254
623,429819.055318109
624,185237.24920178857
625,151976.79482656764
626,205997.98253365862
627,143947.61447573465
628,62882.42964282702
629,167416.69531846838
630,217667.89366050507
631,74755.34961342944
632,190847.5780374118
633,163157.13797416718
634,197058.0261579866
635,230330.65445680916
636,66321.15862924894
637,255061.78241272975
638,524232.10102407134
639,101454.39363304348
640,265538.6321385767
641,316034.90420970204
642,155135.60870487234
643,173982.28598985798
644,150597.9765545041
645,180972.2223977566
646,121820.38623548928
647,118200.19330587325
648,237593.81300429822
649,215126.88072320973
650,199335.8229873152
651,159908.40722799947
652,167575.42494035597
653,226230.4631867931
654,138944.1645989361
655,130753.62196488555
656,226407.27967050247
657,149193.21556935672
658,214372.40493986558
659,204926.79880291293
660,193006.0933409753
661,121644.88533504255
662,164537.68927113584
663,182798.53932684194
664,236847.00983378556
665,116011.54079887732
666,186818.89972109383
667,173371.13781207945
668,68969.11963124233
669,262804.8849216396
670,223061.96116964365
671,254010.6989304143
672,142047.6611540664
673,51403.659225312884
674,156917.50723573015
675,136712.7466467924
676,169631.05411943345
677,258953.07269452277
678,71594.43533922946
679,222531.52925246078
680,100406.62465528693
681,259847.69649806363
682,73275.92850916367
683,104760.08785116409
684,366381.52629954997
685,200161.45612648333
686,219758.78340034763
687,271551.40883329354
688,167538.53947029865
689,141203.38146638774
690,190774.73913727247
691,77360.65118704084
692,464379.7666096418
693,353346.10945651063
694,111330.13525330178
695,64816.253703461625
696,183566.8110157245
697,139138.9821944532
698,262872.6862424159
699,179611.80889325673
700,67202.09583527416
701,353141.9557525448
702,116122.88799801802
703,176175.15789496084
704,268580.159457749
705,304800.59555543156
706,162313.0108386766
707,280378.7536552821
708,216000.87285401043
709,475720.0609623631
710,181231.49427247734
711,356536.15780547325
712,319945.2129362467
713,267684.27586155327
714,255218.2440969788
715,266396.04387097486
716,334956.96837271575
717,197122.32069508935
718,363984.4071005928
719,266436.6212994261
720,269281.0767010747
721,84249.60796653293
722,209286.21316435194
723,196258.9254643618
724,342920.85483022424
725,183800.3709984676
726,180401.8672469335
727,137352.33205380215
728,99561.74728978201
729,281414.4612720751
730,423267.4167787468
731,303907.75987709593
732,177727.7089668856
733,111825.00595225756
734,176966.04713079473
735,172129.8057101827
736,284795.41208968346
737,235292.17848041374
738,128155.45486753613
739,257297.62769416088
740,129714.41490427163
741,350440.1256765088
742,178345.2965505357
743,246105.10101693607
744,164320.80215391106
745,345369.7163767574
746,62806.10558067666
747,95999.95783979526
748,238067.230297943
749,336437.2133761433
750,159416.6970079851
751,301623.8505189968
752,128637.36022189913
753,97102.0696539511
754,262472.5893945099
755,134215.68953583704
756,475998.6386103844
757,94744.79108809112
758,297941.51062514423
759,265227.8523431412
760,362821.08578684437
761,401456.14810886135
762,73467.3608169287
763,159319.365632999
764,210554.50852461508
765,81426.16918206219
766,163875.36545083468
767,133247.49094594017
768,225601.23046085658
769,433180.18566270487
770,46596.580267820784
771,228105.43601294816
772,208044.93906665425
773,46586.99345849613
774,395532.46181002795
775,208667.09064237645
776,265798.90241536417
777,166585.26078361867
778,111436.63854541196
779,180304.76143516426
780,286650.9480204645
781,234115.9694875963
782,216372.50275127988
783,191403.95846383675
784,128549.70830423234
785,341376.19449314603
786,525309.7002463255
787,150844.18600636895
788,97776.4546414755
789,284279.4264870401
790,119372.82655097485
791,284222.20386469475
792,162873.77826925874
793,258970.04028673974
794,225241.60783529203
795,111620.69391946722
796,239284.39302158373
797,105843.74481108313
798,225916.387265404
799,170205.34077810257
800,494118.90411524696
801,257777.47908831926
802,150464.81215569883
803,129026.45458650257
804,120867.05012369675
805,62754.23222638804
806,289126.68740823946
807,317870.4622173199
808,182281.30311805062
809,189881.00123260095
810,469430.38340816577
811,280060.369181121
812,104176.57701069472
813,241900.00903387458
814,93724.91110110222
815,48002.106026910464
816,97120.57539837688
817,101330.02067383954
818,400572.11744828394
819,100752.98916870604
820,126711.8046116115
821,134022.38706116658
822,214357.79868918008
823,356467.14004726615
824,165447.12684706168
825,260186.04001073592
826,428089.3065893142
827,147107.5320538133
828,118235.30764088558
829,190640.40268657036
830,378765.97729217686
831,233790.37708510304
832,411563.509797464
833,252917.7817018336
834,88412.20973530636
835,144883.36664559937
836,91001.42212978296
837,149354.33790498337
838,295481.42771764164
839,261541.1734067711
840,213770.70858361793
841,201042.16496929823
842,261626.15406487178
843,204284.85565087164
844,106975.22331032115
845,192273.16863977356
846,49018.000306484675
847,163817.99899017258
848,166069.73053528974
849,100920.83605100174
850,66297.15242614681
851,133160.33963810385
852,169589.03536782027
853,251904.7197509064
854,203137.78436359248
855,276503.6761895247
856,159854.38886716805
857,243291.04980895808
858,151487.6681634991
859,325538.6117557235
860,137515.20964626817
861,190198.05492993232
862,62736.35835627628
863,221705.37076890847
864,168006.1899472067
865,182997.40184474818
866,162023.99528575488
867,150858.9760258072
868,193491.61575339313
869,190514.000588633
870,238604.11276548184
871,163680.6972018761
872,307180.14097667986
873,60143.30459412333
874,124694.51234734272
875,188863.11232350406
876,192016.7944110567
877,100781.07508798511
878,141375.57053979245
879,422476.8764935622
880,305555.3820673474
881,141457.64586548606
882,221535.10710988523
883,194138.5360587937
884,149431.7118084282
885,72471.79734131109
886,321069.59985083865
887,203527.08424331126
888,225630.26377712283
889,91878.24841004048
890,81670.8354217888
891,148751.49940222513
892,305994.7757939923
893,298333.25671917084
894,186849.07218009845
895,146618.71077896294
896,149526.04145843757
897,116526.220957299
898,80768.17366984798
899,452526.8729701907
900,222404.01811095123
901,349336.7696690775
902,78948.8527280865
903,230120.13116795378
904,95396.19830689774
905,173093.6082988442
906,71013.12623747611
907,139555.38441540574
908,135005.81121992788
909,201651.42991502272
910,264088.71538661636
911,213067.1155778281
912,228834.7047726157
913,219060.53074585318
914,147971.153808825
915,222992.00990533447
916,218132.47983794296
917,228838.42147462393
918,255271.9394270552
919,152239.13319643
920,153167.94600622467
921,90391.0483827091
922,487150.0739718534
923,235879.46236335405
924,151184.81854821945
925,174026.3139389013
926,231233.26333494543
927,103009.66371486997
928,76671.83090443395
929,73987.06398902318
930,188656.21687496814
931,371700.35743588186
932,182472.38127051882
933,430364.23872562917
934,420795.98705357045
935,175677.31390014914
936,154605.7254166248
937,76843.95808760988
938,291658.20719273627
939,293765.9913856306
940,392058.03648692137
941,78994.75764587981
942,447423.68599793105
943,204712.54364585527
944,100526.21876273502
945,512395.5947663043
946,181791.7113183288
947,129010.64978952066
948,308583.3784818563
949,195432.65777014586
950,74323.81572681013
951,117972.19680831794
952,135304.6020835064
953,72603.4516682937
954,103367.62771569776
955,273036.68255184777
956,285352.2585262256
957,170521.50522826953
958,199949.87050038972
959,90519.56127423866
960,88929.71163579935
961,176446.69191405887
962,387383.817932685
963,77352.46744489727
964,115026.2927028809
965,216324.15036046397
966,68612.06596865368
967,336205.83673598594
968,251126.1433073085
969,244252.9093017552
970,215031.64256218227
971,293042.25722175906
972,149776.9222859277
973,183330.04390990263
974,262440.8658255431
975,376217.4920128882
976,221533.1801212622
977,271981.1599762687
978,355420.09711192374
979,140198.54715962906
980,194570.25835605286
981,282146.4571176242
982,221223.56839543665
983,323250.4264226762
984,119452.00383950397
985,152457.82068665323
986,192593.30644849007
987,143926.81030941603
988,277028.5897909638
989,115030.33341043864
990,192708.3382243139
991,131790.778611679
992,146080.0268882981
993,143705.79000710486
994,193610.27677074575
995,94995.63157931241
996,192219.15933041152
997,113937.9116910724
998,373473.7636116823
999,105591.44538263741
1000,169510.28309674066
1001,121804.70975120549
1002,106259.35279507752
1003,240782.93871634043
1004,153750.32609166502
1005,325257.84134536434
1006,128130.68772681677
1007,184070.9077325706
1008,181567.1680898656
1009,254945.0712900294
1010,197758.8078965381
1011,411780.48451499327
1012,130028.21390181108
1013,374292.6113502373
1014,139267.2742807183
1015,105879.4213589841
1016,302368.31132475834
1017,113751.99428704061
1018,200150.70104562698
1019,257271.742427898
1020,144584.90160261025
1021,491940.2341917335
1022,521715.56821737264
1023,284012.0495102873
1024,178751.11501529103
1025,127271.00766065175
1026,179172.54096065543
1027,186142.71364587155
1028,157708.4686345627
1029,70654.51997942787
1030,170677.2657992881
1031,355845.16484643216
1032,100666.91123050348
1033,71305.72351021243
1034,254395.70925448654
1035,47413.608669498804
1036,213035.95257915696
1037,250747.60726456693
1038,400944.9179740205
1039,323228.90102754184
1040,142610.0980349193
1041,161515.452730552
1042,109281.1747852175
1043,268809.47361680004
1044,138139.4113936728
1045,217158.0070408199
1046,139563.9283100585
1047,100565.96465173952
1048,159750.4455557206
1049,153256.4232886021
1050,134885.05252647182
1051,465624.4993142764
1052,337644.0349620301
1053,224742.46657040564
1054,140613.0397558214
1055,150338.5647404695
1056,311248.1461925657
1057,124787.02969322453
1058,199102.99877413403
1059,116989.76438901696
1060,83867.49703109526
1061,261490.23821151734
1062,109782.68609808438
1063,327054.36334681045
1064,221329.19979792443
1065,78609.82552094437
1066,249880.67686083246
1067,306634.8938234082
1068,87055.29478581378
1069,168737.19350294583
1070,193325.62725335237
1071,128530.56922376754
1072,227688.86997037515
1073,98360.54838699724
1074,228298.3179439766
1075,118445.72746443546
1076,137957.0450966496
1077,167646.0302462133
1078,131941.3506045241
1079,142494.25373583895
1080,417287.1231335121
1081,150868.17733755935
1082,108238.61769917578
1083,315330.94128528767
1084,139359.9250579041
1085,165742.50753172743
1086,193553.00946791645
1087,291953.37087149476
1088,378015.8118661888
1089,366479.03488846554
1090,174753.2202595952
1091,141056.4027598371
1092,213911.22095537407
1093,502915.0604969878
1094,227127.52636372665
1095,335763.76976916066
1096,94686.79814324755
1097,262273.792370545
1098,331669.24886760523
1099,208850.82629980094
1100,72663.19809990664
1101,232464.46061398974
1102,200542.5057817932
1103,296905.9214810102
1104,232254.0179642187
1105,190875.78042851854
1106,142566.86443984526
1107,320638.35935739207
1108,314220.2259715868
1109,91743.12540784743
1110,235693.89168978692
1111,199140.05042391754
1112,231050.90565105033
1113,194311.37980489258
1114,197623.9795589261
1115,125205.19393043405
1116,110756.27827842103
1117,194521.0842216871
1118,145548.9470697125
1119,235023.10327091563
1120,208882.34456071927
1121,285147.0777292064
1122,124528.86219464881
1123,96924.89359688996
1124,344519.2126148592
1125,89691.27576264407
1126,155050.74795379885
1127,280209.5183915198
1128,261789.55483128916
1129,85351.73160116308
1130,130467.56381374695
1131,398527.75091655995
1132,72649.02417490128
1133,207592.68306380624
1134,345126.9538867714
1135,301452.1437464622
1136,130587.3694380119
1137,246429.4723249363
1138,515373.5487086558
1139,121077.94725009159
1140,179302.25624222792
1141,291540.78070465906
1142,241015.4467347897
1143,131020.2975281975
1144,179051.26858225188
1145,85588.09903009902
1146,220878.52679025274
1147,190964.72019259565
1148,54686.155969961284
1149,77489.17490259008
1150,179411.59424494512
1151,151087.17476101735
1152,105229.17068485988
1153,225608.9329111414
1154,158058.75623079806
1155,482949.2497288707
1156,53624.44166623312
1157,135892.5086958837
1158,267305.75862407073
1159,219391.62906580762
1160,53535.50698153963
1161,104487.53239249048
1162,243892.13194868018
1163,67134.95968625596
1164,220195.64185006224
1165,192158.5817365162
1166,208856.60823383715
1167,196885.01793832824
1168,162726.89096317717
1169,205917.14612796172
1170,187032.39807150103
1171,60186.043369508756
1172,182920.3400538885
1173,258558.99497343093
1174,236806.85324912792
1175,430802.7464015489
1176,88688.18761872336
1177,188450.4389472691
1178,146062.60905992828
1179,275100.787664056
1180,359330.7894355466
1181,267839.05402347166
1182,105512.92744948623
1183,191530.44813709194
1184,154765.57544324995
1185,237804.9833558257
1186,214876.43889838376
1187,334730.0039733101
1188,105187.5337172767
1189,222601.71968228457
1190,336550.5641420792
1191,209631.10664946988
1192,183069.2458387586
1193,164364.70220672002
1194,54805.09043136322
1195,62045.22346948966
1196,232627.35175865446
1197,162698.92528524422
1198,175262.69603927407
1199,235967.1408990746
1200,118855.3649511544
1201,221363.7671155127
1202,229313.06257360746
1203,209117.73372897523
1204,133193.2852384185
1205,212791.4152757742
1206,152100.21975734955
1207,85754.5962589852
1208,92842.78773688158
1209,96733.88497224778
1210,181017.88243543298
1211,115936.32820802662
1212,467808.898655814
1213,138643.2363018494
1214,145853.71410903527
1215,413761.5587461442
1216,303688.61523227824
1217,190045.93791852135
1218,214734.97011658555
1219,227942.6581880073
1220,87049.72707391225
1221,334279.3206697224
1222,195181.0901120738
1223,256468.26190017635
1224,178607.7514113083
1225,218098.69478368113
1226,149207.24533901096
1227,111185.94625494133
1228,472403.0403722178
1229,274872.8431874332
1230,186606.21599438076
1231,107290.06148645777
1232,361831.2245664473
1233,166271.8627329194
1234,355273.9495209582
1235,65169.47991479117
1236,102320.3700721148
1237,195672.19967690972
1238,98772.55151474323
1239,296003.8880107439
1240,362366.1773894676
1241,134193.57842724066
1242,176315.15476583396
1243,208808.16492472758
1244,190433.64260241314
1245,108454.7673030509
1246,215494.8429012244
1247,347461.88563467294
1248,182060.38515013567
1249,302264.5363233568
1250,118729.22825278848
1251,366678.8891978748
1252,246383.05857534197
1253,163584.28531112694
1254,104551.28328383033
1255,450105.2327424496
1256,108459.78850955461
1257,100482.37143610891
1258,210512.60235208116
1259,412929.26318913396
1260,154117.59569613257
1261,93863.4570882516
1262,320589.9701384746
1263,219267.82273312626
1264,120043.36607299009
1265,241086.88316645936
1266,273151.27629918663
1267,153322.49240885745
1268,323914.7858048201
1269,231511.1675405134
1270,157968.48325339524
1271,204794.65196890134
1272,102689.77945205159
1273,391676.0381068891
1274,370534.9013421008
1275,361510.5144093836
1276,331134.44361256936
1277,118737.75831537382
1278,274307.8723953902
1279,223243.35667389983
1280,110104.4552588649
1281,86460.35983433123
1282,116821.70378585364
1283,101198.85662139034
1284,100362.57554823856
1285,220748.52834304137
1286,166198.03410201299
1287,151965.2477680758
1288,55905.52553527399
1289,241039.90496748564
1290,94137.83424313852
1291,131254.65422095836
1292,246627.93118661462
1293,149521.04226735438
1294,209492.45108659775
1295,84427.58986169094
1296,158584.8458752824
1297,124091.84447670731
1298,385275.69273201295
1299,126902.61423018476
1300,289519.5874780236
1301,133282.24550393465
1302,183966.568103935
1303,244487.67152524632
1304,195842.9804255265
1305,507121.6941943981
1306,97753.84295836877
1307,93769.11703868388
1308,191583.48585377185
1309,115551.6926397362
1310,181598.8223474488
1311,437773.18716185936
1312,146938.56158451072
1313,104912.76352672711
1314,215859.00190996093
1315,255474.130246062
1316,327837.247972749
1317,161623.31703817766
1318,131951.42913334235
1319,286565.7016035762
1320,510750.0443442225
1321,500387.1047587207
1322,124323.68001203699
1323,169277.27906769334
1324,52368.07941201833
1325,349873.3844624281
1326,187231.20424084103
1327,160952.2458859406
1328,168644.10666899954
1329,65941.68489345498
1330,221372.78864510905
1331,353870.543295409
1332,338189.09734472295
1333,121269.87452080607
1334,232709.196919778
1335,64517.3765636462
1336,222047.3311312803
1337,164914.82035300304
1338,106280.54766336377
1339,195569.35781179153
1340,274119.39460245124
1341,137830.6496795272
1342,149546.14192387575
1343,233623.77140044776
1344,85513.63575339748
1345,105348.06505372649
1346,355833.37846130296
1347,298157.750351139
1348,261388.86603266184
1349,210545.35451371304
1350,421203.4321974218
1351,255901.86453220356
1352,269242.7100986952
1353,131534.01465343602
1354,288899.45470377593
1355,166859.30772203914
1356,125191.36371623877
1357,111335.99172266363
1358,75757.51680935279
1359,245608.06689711503
1360,176911.21413877688
1361,69580.13940777062
1362,95018.06847434558
1363,73784.42304050615
1364,400474.7122139812
1365,134022.38956721086
1366,103138.57348950795
1367,216910.1268700707
1368,211434.3512054081
1369,63331.16618186601
1370,109068.5053808555
1371,55251.33483020945
1372,173526.33671981547
1373,369285.9289522291
1374,284121.10523305414
1375,143263.74861375784
1376,265240.11925037915
1377,188107.4100939409
1378,198421.54382771262
1379,294055.1542588821
1380,445262.4134847674
1381,279018.94036421744
1382,114589.31566105003
1383,277943.35636554065
1384,146769.54631646158
1385,415770.8854761009
1386,98905.04013035708
1387,146030.37968145614
1388,329075.9281117389
1389,167026.25773954633
1390,359493.0868129521
1391,91520.51308925693
1392,155350.17849639925
1393,132560.2505330561
1394,66955.04185880994
1395,161815.12297399578
1396,137546.7604222532
1397,276389.11123534164
1398,288042.6961217129
1399,62446.78012712579
1400,168512.4246789461
1401,350779.50203509245
1402,364459.7314244042
1403,236607.4532107734
1404,79905.81443365311
1405,155151.2040224076
1406,127130.93990560988
1407,91611.89988750654
1408,120191.00667487117
1409,157102.0125556583
1410,311780.0188041337
1411,172937.146893755
1412,108077.3540737303
1413,295075.3273655123
1414,118610.96843303509
1415,50635.47461564586
1416,100904.40841351144
1417,247197.46211955714
1418,122811.82564202712
1419,122625.18739842607
1420,154713.99607592166
1421,187433.74583968037
1422,160931.37528825318
1423,375591.7786713625
1424,368457.02794471
1425,133931.18066377082
1426,229172.12004241336
1427,378787.9617755482
1428,192078.03537111677
1429,250797.7653754598
1430,179241.4078606157
1431,105924.77751226955
1432,252628.20960533724
1433,86466.62265094026
1434,337539.5292782405
1435,117828.06547551815
1436,52762.71632284309
1437,445483.469804281
1438,191254.80343419567
1439,136655.25222701125
1440,109009.46928786876
1441,284305.73995009286
1442,101008.84480855962
1443,182082.66201783775
1444,238053.07628646042
1445,252913.77533031366
1446,186686.71439939152
1447,344473.4938934987
1448,83449.86846396138
1449,161130.84200683533
1450,109865.6145477292
1451,482870.0980207481
1452,387423.5853422568
1453,120837.71478258318
1454,196915.49311250413
1455,220848.86608023237
1456,263616.66175432864
1457,102702.97218624476
1458,190232.2979001819
1459,174903.88103233324
1460,151868.1432413701
1461,292662.7017324299
1462,155932.92159098136
1463,187825.51060976498
1464,160427.13221721136
1465,181538.6180686736
1466,220437.2082434751
1467,119741.83162361309
1468,405423.69694842
1469,124112.17785405763
1470,220762.91211940604
1471,218383.26824460202
1472,133293.60756608937
1473,120960.77661313894
1474,203588.29304261977
1475,296076.8687065827
1476,172560.37094943857
1477,171389.73325274087
1478,90756.12671913029
1479,119816.11697658902
1480,477754.88520074193
1481,297189.82300513214
1482,219551.91384782043
1483,185899.74821565865
1484,203630.15419629516
1485,336159.8376476169
1486,120532.72889790297
1487,492905.2369695771
1488,286947.0931592637
1489,246828.80969561235
1490,156619.5007501676
1491,147165.2446244132
1492,70770.83350395033
1493,222110.15605043777
1494,111649.64485509277
1495,409987.48645386
1496,159015.73539457546
1497,421218.2832863566
1498,216232.85671237914
1499,299785.011213565
1500,139079.30495788797
1501,48581.28368882676
1502,205511.4792985131
1503,270622.3368749012
1504,185641.05407467642
1505,135699.74600055494
1506,101354.632603664
1507,359039.030242632
1508,287408.4078943816
1509,130320.09807457007
1510,245989.57003803892
1511,208188.4889970112
1512,128581.52874237171
1513,48814.439133496104
1514,343268.26878572174
1515,136924.27462530264
1516,130842.7051549712
1517,133932.7576441412
1518,57985.31879579139
1519,104468.58474866202
1520,266194.4421300975
1521,305190.7202895888
1522,309722.73777358915
1523,75427.57331583547
1524,140317.0734851993
1525,152752.97089132748
1526,110881.43667135852
1527,404472.3000482793
1528,80861.14841403006
1529,193830.5387452384
1530,60410.34420701829
1531,137183.6744017987
1532,294198.6871145078
1533,309574.03272060887
1534,119136.87659125964
1535,368920.23427697795
1536,76490.3894098156
1537,203160.59075631993
1538,428234.93958765495
1539,207491.37829706742
1540,295084.2397927005
1541,92036.26081156565
1542,83257.25297398695
1543,198411.06408744014
1544,368539.866289551
1545,79211.34149589697
1546,213112.4339266335
1547,133993.94906058486
1548,188073.11207814945
1549,73171.33791505377
1550,183097.48098673252
1551,514472.15266759525
1552,121665.8987852865
1553,303399.3707425952
1554,99929.65732646658
1555,265329.11076421203
1556,333830.08995598636
1557,327737.62753682735
1558,187608.2727747645
1559,80146.07255786154
1560,68978.30579175771
1561,199674.5175761461
1562,362208.7744267336
1563,191832.08134799768
1564,175119.11533640715
1565,95929.32693461265
1566,261469.87790092448
1567,253231.16751600438
1568,385829.28996201174
1569,325722.40498590964
1570,192667.30490486257
1571,268689.31078009726
1572,184614.8274939155
1573,310324.23073663644
1574,224755.63178389432
1575,90812.25953705003
1576,125334.79540920966
1577,95904.13106275434
1578,91232.13156659307
1579,219461.9757116006
1580,238933.68915364097
1581,194665.40964489075
1582,143487.0457350089
1583,317467.62963991764
1584,186976.74269567698
1585,93201.88385706197
1586,193736.63625850723
1587,280491.56846298405
1588,170231.93547449372
1589,454396.84021851525
1590,311743.4876302534
1591,266190.7228876413
1592,206434.14272792422
1593,113262.67521477265
1594,246056.5044333418
1595,370678.1930203812
1596,271011.9353444909
1597,147145.14596712263
1598,136965.76421740762
1599,142805.32274453115
1600,158997.18916522939
1601,218967.2832220975
1602,68917.49685226711
1603,146655.16809277443
1604,126694.12316147135
1605,238896.11152202805
1606,55300.70221527357
1607,87294.49037595911
1608,71159.96058310225
1609,104028.09404103545
1610,212877.03882064237
1611,235937.12865210124
1612,254491.67218681614
1613,119820.05323616814
1614,333250.48303816863
1615,174674.61449659718
1616,296319.1121624406
1617,84967.19333616344
1618,209987.01424821926
1619,177336.1498866579
1620,216795.9490903421
1621,291281.4862500613
1622,422913.4382666667
1623,94903.8082121842
1624,84694.54921492614
1625,113097.2667750181
1626,468278.6539474975
1627,476079.8359681636
1628,238252.23071395
1629,82781.33458422567
1630,486970.2880377567
1631,98567.51258675609
1632,266723.3379641579
1633,68603.44105679158
1634,63064.29869976327
1635,264513.7979727364
1636,227081.5788063516
1637,119754.41528192844
1638,90937.55046975959
1639,402609.08116911177
1640,121999.86201211571
1641,71323.84737404529
1642,55511.93905439846
1643,431838.6327622641
1644,246109.1407628457
1645,313408.27633001783
1646,296410.7296510714
1647,457837.43018711946
1648,83803.23461441742
1649,95947.25717164503
1650,308229.72073744034
1651,371492.48735543445
1652,157407.55628771838
1653,259765.43284279737
1654,166724.0847369242
1655,299270.38557630545
1656,157844.19196124887
1657,165887.23612910445
1658,52043.37880490477
1659,129199.77992125593
1660,203780.90261983933
1661,139632.1928061077
1662,216151.9868846222
1663,302599.736596085
1664,246590.13768024993
1665,196598.93114886695
1666,166017.18891423184
1667,392927.7715677099
1668,60579.32616619661
1669,129561.29196052242
1670,299358.5979831424
1671,98410.16376082582
1672,251724.8132042458
1673,181106.62090002862
1674,132344.41691762014
1675,88246.66212214931
1676,173888.13947167643
1677,210547.19188259367
1678,343438.2523585684
1679,286264.34395289863
1680,100783.38450661988
1681,168423.7231605896
1682,173748.03081113173
1683,294226.70837982243
1684,234711.71935191593
1685,330732.05726405553
1686,80210.86334172243
1687,301032.74415589205
1688,305041.9619822421
1689,254392.93780394
1690,101731.74539668344
1691,123848.17105020033
1692,241638.32287471427
1693,237542.81472558505
1694,152772.57922002254
1695,241958.9085984217
1696,198563.22353660193
1697,150617.07480365637
1698,94117.38170983706
1699,91583.71485898184
1700,135868.3736909614
1701,114895.62426000445
1702,196111.35050829145
1703,251969.53241568338
1704,128681.76035876921
1705,162430.57799815625
1706,226916.55612109945
1707,161511.97350463815
1708,100230.81410469822
1709,288283.2667733622
1710,127991.83733614319
1711,167087.57497606962
1712,121488.521102238
1713,182049.22152961604
1714,380631.5923493039
1715,251823.57361053166
1716,171004.79518788186
1717,167773.32489708829
1718,63013.85718393901
1719,269575.60529679566
1720,230889.85305769736
1721,120591.15685169798
1722,336592.811026598
1723,118257.99205905589
1724,341547.253724519
1725,284328.14467735897
1726,78032.06792292236
1727,78274.5143376916
1728,105249.05885370013
1729,219619.3102921045
1730,185792.8670874137
1731,190629.01678204682
1732,271082.11343012424
1733,384769.8380917371
1734,209989.95472685044
1735,142935.9349268934
1736,67716.634679349
1737,147970.1053924481
1738,138575.77147812548
1739,225563.38185635873
1740,236308.94509415465
1741,182472.01514404407
1742,145179.81242107227
1743,262798.86772798625
1744,195782.2190718887
1745,201239.75501214486
1746,133532.63941530287
1747,145255.81221510796
1748,367852.46330568695
1749,290921.74756378727
1750,164779.6271936912
1751,71821.2568424521
1752,425681.09241288056
1753,94871.04514398516
1754,167443.56478953635
1755,217118.17299173633
1756,108885.84353614443
1757,171902.04660188372
1758,180803.8536531202
1759,219279.03733605964
1760,203944.14614090082
1761,202492.97936362086
1762,240021.06098449972
1763,319652.61785214616
1764,257615.34052268584
1765,86684.93287995982
1766,176403.89746587718
1767,69461.02418421305
1768,340372.9083054544
1769,346798.0095438827
1770,120868.9202012464
1771,398847.15871392965
1772,54282.33802807634
1773,239905.0555431024
1774,216182.01483276353
1775,178607.71261483943
1776,137975.99514490552
1777,177322.1263548426
1778,291159.46982284856
1779,242772.15527472756
1780,96691.63659830035
1781,286882.86538519454
1782,192199.88789027673
1783,187511.2849882202
1784,329742.80462369433
1785,76955.18591402077
1786,202088.32271364838
1787,124227.91975601797
1788,117438.33279108681
1789,274825.0747670699
1790,162576.02340907537
1791,110300.39234975268
1792,156629.58308548498
1793,235530.49142543715
1794,113653.1328075413
1795,270491.9563464525
1796,151475.54677472493
1797,171582.43521910757
1798,171069.04595082486
1799,361253.5213329271
1800,471120.6244360303
1801,246584.57361352677
1802,369180.4716570849
1803,351950.56657265965
1804,165308.53152594581
1805,77615.2698545274
1806,197504.41611965257
1807,95224.35566032793
1808,227249.46859657293
1809,150050.14147081744
1810,231765.93035359186
1811,162058.6370506123
1812,146279.77446257614
1813,193767.10031621644
1814,262727.0908306847
1815,106554.85560782737
1816,211677.05010536936
1817,261419.18230623222
1818,116732.33279533402
1819,162166.29110924684
1820,175185.4928058677
1821,236045.66900774985
1822,266392.62221299997
1823,193845.9547211196
1824,166038.7640979375
1825,119251.19954309054
1826,78363.4154242908
1827,149493.13092304298
1828,165335.22806234268
1829,205558.11705708803
1830,136728.0367829923
1831,148657.16511995636
1832,214061.07568478325
1833,148802.4065987073
1834,369507.3190224553
1835,81380.54081600944
1836,196542.71469489142
1837,96589.64972405462
1838,54354.07073328676
1839,95529.33481944806
1840,188632.14419052412
1841,164528.88866145437
1842,219502.97497165945
1843,74381.56423152884
1844,65202.44606959306
1845,168108.63559043594
1846,129505.94593397065
1847,95319.46264050204
1848,91270.20654703787
1849,71984.57241768044
1850,325781.3982328381
1851,178053.97417343024
1852,158165.49847019216
1853,180732.54741475597
1854,251365.46462076966
1855,138688.94120701752
1856,195757.370591728
1857,93511.36470733635
1858,187154.15918549706
1859,393333.16581553913
1860,167880.49714443838
1861,269126.42695986177
1862,388493.66417605
1863,274032.9791961162
1864,70589.67382340063
1865,193437.9455720053
1866,114035.03906130913
1867,88685.21125618162
1868,274811.6990883132
1869,371879.8495855272
1870,364338.1112563379
1871,168194.42364161537
1872,71832.08699248862
1873,237584.91664050025
1874,185690.59031380096
1875,114946.89724116182
1876,106301.90638213951
1877,67407.42959643254
1878,131220.350887149
1879,393714.43563216564
1880,94380.66609785071
1881,52198.52061699965
1882,169199.0839150261
1883,340799.55650185014
1884,88534.4805500281
1885,88972.23536729495
1886,245884.41259348788
1887,124659.64049898692
1888,356712.7240162855
1889,159853.1639883651
1890,307236.15491230995
1891,94101.00419964093
1892,169962.75427890578
1893,339852.8750937822
1894,209590.72315118852
1895,53686.6884417166
1896,222658.68825576088
1897,397281.4139955407
1898,145611.14120915392
1899,161643.80890523986
1900,57936.86480793629
1901,214617.9359245805
1902,286346.6101014339
1903,293655.31906134414
1904,412230.1052524132
1905,89519.20472863
1906,125218.7595358959
1907,285316.0507827174
1908,98702.60443945305
1909,120280.39114252491
1910,383972.60143398796
1911,246572.1719544268
1912,399959.27013037587
1913,356247.68973459187
1914,373515.65024084446
1915,312412.33477450896
1916,238263.47291321403
1917,271684.80671788764
1918,201679.6557235559
1919,275645.2956724316
1920,375607.7583649749
1921,171520.54269268148
1922,191787.73054054173
1923,489978.96862564795
1924,154042.2529636367
1925,304167.3478402006
1926,248174.0997875352
1927,275324.1427436216
1928,161969.0641651395
1929,161511.54287680495
1930,178563.1571851862
1931,135800.11297084187
1932,204235.1084326565
1933,392128.0681266694
1934,202977.93543339556
1935,337316.7269390088
1936,256128.46031505585
1937,335778.5323489487
1938,108418.3910518272
1939,231501.12118625225
1940,118864.07859063995
1941,47653.26932966367
1942,122615.01027327249
1943,59671.525824097
1944,108965.6270642443
1945,266577.0252769375
1946,264452.4052940527
1947,392106.1590568754
1948,139910.81346973954
1949,160807.9707376493
1950,328545.3050128448
1951,157107.4673412499
1952,170333.54769306624
1953,349260.1007341264
1954,129351.27237749906
1955,182503.23392302473
1956,98290.07477081424
1957,79093.76282290604
1958,139162.35872111734
1959,258150.58658607147
1960,305557.106340977
1961,173764.89927438542
1962,152711.72088447266
1963,423553.35129831627
1964,479008.6603155881
1965,221388.64671766205
1966,444239.3894885058
1967,172118.32194433914
1968,214331.81927144254
1969,113851.07035308283
1970,186033.43208088423
1971,283151.9839537579
1972,156641.09274400905
1973,71287.42176420038
1974,156276.8782386588
1975,119958.33016010947
1976,187234.7974701228
1977,310241.5722892991
1978,230045.3113239777
1979,134265.39017210805
1980,105617.24364423893
1981,419434.5712470771
1982,70271.0867963011
1983,235367.26856692636
1984,338763.99223340733
1985,252929.1498144842
1986,103877.38353157803
1987,330686.73459407827
1988,518642.47224156465
1989,263932.41177942173
1990,268518.0247461461
1991,356788.8611409003
1992,117028.22444183787
1993,143416.86791437323
1994,86634.69099618748
1995,234548.31663558827
1996,254814.1195774628
1997,82624.69021055388
1998,278928.9585168222
1999,185863.1087225976
2000,113901.4517817162
2001,259725.35573178914
2002,192901.6572524986
2003,332947.03030674934
2004,277180.09847745404
2005,163959.31268051037
2006,130128.27162000601
2007,188421.13804552454
2008,183512.7851377221
2009,57403.87198085658
2010,107744.41805176108
2011,254998.65049280843
2012,169146.73300438642
2013,233726.99797935045
2014,109797.66152839307
2015,210807.6369394436
2016,504963.8153884334
2017,75210.49115399625
2018,232748.71231928113
2019,328444.4837052986
2020,128814.65637368312
2021,301559.0641383829
2022,334121.4510227841
2023,173850.3253861097
2024,250216.58081863206
2025,274455.9486915609
2026,174179.02693751027
2027,416354.85633437696
2028,189680.78766930604
2029,182352.3016599422
2030,214661.7958217122
2031,91084.72520543136
2032,120001.05699380537
2033,175459.64080025986
2034,190484.53667581116
2035,219646.12563439214
2036,160693.92755549564
2037,490184.8518240674
2038,177447.92449966323
2039,530721.8479569736
2040,502115.79708278703
2041,116285.05292901196
2042,142774.71564530418
2043,88314.9339906792
2044,132188.80598525115
2045,96000.06854079032
2046,181496.6218070113
2047,121791.0390551265
2048,197849.09000272694
2049,179960.5224284606
2050,281437.9844397644
2051,301166.02721534617
2052,323285.08531913254
2053,447499.43334891985
2054,165168.02182403207
2055,141028.6849685266
2056,71285.31198104806
2057,143659.58872681687
2058,38140.00824892815
2059,110418.31275473477
2060,182665.28639656317
2061,96969.632835516
2062,162432.55531738978
2063,296114.14522296726
2064,217010.19619757019
2065,82370.42276789396
2066,151547.55347669724
2067,223299.7337625396
2068,253921.03589586556
2069,105124.40072150441
2070,289702.1598306581
2071,105555.38783366598
2072,100101.6322268733
2073,246725.9027569381
2074,191035.5080318278
2075,381475.0160729691
2076,358564.8473775961
2077,147074.30267626248
2078,302104.8387574544
2079,247082.6614286358
2080,387205.78394748946
2081,181023.98382133665
2082,196192.07719500278
2083,180306.94467631186
2084,446332.38382362213
2085,177307.5887672957
2086,182469.8201536428
2087,200318.15374030604
2088,155466.0210489701
2089,157165.18049966532
2090,150311.84658611316
2091,93119.1470385998
2092,231101.44526884408
2093,292146.4724488135
2094,151867.32285016106
2095,228459.863689457
2096,384949.53755798365
2097,69797.06339230377
2098,144024.04779781023
2099,187556.39416394278
2100,418525.15834661305
2101,255953.5685878446
2102,384827.841417935
2103,138319.28384190003
2104,111552.38724576896
2105,194450.81334812246
2106,149678.41344673056
2107,106972.71273782151
2108,159440.15197597217
2109,116669.33746754582
2110,150054.67777191143
2111,130110.01059425833
2112,165715.74398269333
2113,59375.04329985753
2114,445613.58484876296
2115,111556.7418615564
2116,97688.93601132183
2117,128382.28402216207
2118,89309.04577130123
2119,196317.2947367638
2120,115009.86712598157
2121,329491.0956659051
2122,80416.80897037222
2123,329272.2922216257
2124,62716.856221736234
2125,261496.14584311214
2126,181905.8779392596
2127,195399.00484025452
2128,192333.44047149128
2129,107074.46168104118
2130,163399.44954909454
2131,180121.53977604146
2132,339622.1084714144
2133,302794.1150368806
2134,94525.35765244903
2135,103584.78034786117
2136,209101.97491001332
2137,157693.02129494003
2138,287945.074921571
2139,323599.90317431034
2140,135223.4836099938
2141,75782.1876516284
2142,285704.26243285474
2143,345095.7415676548
2144,120008.79534206624
2145,141253.589095973
2146,152936.46513027264
2147,291616.4624235542
2148,143454.63509376816
2149,125759.13979207141
2150,347759.02096668154
2151,258675.24003835887
2152,526936.9693706252
2153,198834.33782198117
2154,174291.0073518488
2155,152160.45569640535
2156,101962.96818922297
2157,383627.7250529153
2158,155890.54143576085
2159,118658.89305592516
2160,60376.412556953364
2161,187334.33850014434
2162,171776.64187372086
2163,215879.06784970177
2164,397136.17762172176
2165,111446.02667230797
2166,118628.70131702436
2167,161577.03564351844
2168,224728.21792253212
2169,59185.81232930453
2170,326546.6011574974
2171,112049.173987623
2172,155156.89595714957
2173,151092.67330875396
2174,209294.9190210202
2175,237204.13041985815
2176,73356.26802405033
2177,395698.6848390256
2178,180447.68235054298
2179,202250.27594696527
2180,97408.18780079146
2181,89774.80446837872
2182,399145.2296442328
2183,196199.2159948193
2184,332528.22640885157
2185,305802.53374807764
2186,281439.73056642525
2187,91854.09514484042
2188,227146.34870741336
2189,210348.6032409965
2190,125421.51183318012
2191,125983.93141688842
2192,230122.26716324585
2193,270865.41944722086
2194,174991.59287596785
2195,208072.26671007436
2196,200766.8544133572
2197,280406.5479638418
2198,193317.96677716568
2199,286931.402809427
2200,117551.79542333257
2201,86366.59409207787
2202,270739.8841089523
2203,155683.96562869483
2204,192260.9264203598
2205,212070.6365282666
2206,314500.05126066506
2207,149366.13764196113
2208,281421.93231808115
2209,490367.1831688581
2210,258548.80199493637
2211,273825.34505477763
2212,410611.9868057084
2213,97281.55823304612
2214,155190.87178282154
2215,84606.7969904455
2216,155780.27073989826
2217,485166.67385699804
2218,180463.8865394923
2219,490755.7936019213
2220,139662.32535230048
2221,470614.9864006029
2222,133270.5131640068
2223,228084.4072489827
2224,237474.8472540405
2225,157298.84538721698
2226,153394.60882943886
2227,156288.8062169734
2228,130692.37652224183
2229,202573.08900761558
2230,159735.48565122345
2231,100644.06496910147
2232,64087.914328945175
2233,249158.9606704745
2234,143984.24502826948
2235,330567.42134048254
2236,103578.41487701825
2237,91601.76766511187
2238,212059.13266543538
2239,231048.0590653314
2240,116609.2542367874
2241,326371.2972145474
2242,99341.88186177058
2243,185608.2229372184
2244,144723.24025340384
2245,195537.44260946254
2246,442051.07177837344
2247,275374.70297077566
2248,164927.5497206451
2249,209938.85105067963
2250,225670.76457136375
2251,151398.09237957746
2252,314143.96688212745
2253,171985.0836495207
2254,210967.42503245175
2255,382228.2048255567
2256,255042.73643260595
2257,172949.45553826867
2258,172997.84640173602
2259,419366.2828285857
2260,141686.6777587517
2261,176767.54183873488
2262,422227.5845542627
2263,106007.17105572073
2264,108877.8429239179
2265,108990.55905331546
2266,475251.4285636054
2267,132358.5852631153
2268,67573.44896192735
2269,166538.57897490496
2270,133529.73320075485
2271,169785.52240278732
2272,120801.48858690224
2273,172075.34116138768
2274,130684.77396082673
2275,133791.17821179243
2276,466630.26549702336
2277,122487.96590322419
2278,154987.29485870185
2279,243197.45966430724
2280,127432.75020090118
2281,117033.27946345252
2282,157010.45202475722
2283,223336.99760257674
2284,127146.23751113149
2285,231323.54160523278
2286,238261.58093728416
2287,112199.23134277802
2288,112836.81964377577
2289,198251.94512743858
2290,278739.1248646296
2291,236626.43944938498
2292,80752.16873598791
2293,141816.44661863707
2294,353739.2581035914
2295,227970.5166986016
2296,80755.59932529427
2297,318561.1580899749
2298,293462.7966687401
2299,317476.2589325406
2300,119069.34031194856
2301,171611.65346666676
2302,276596.50671241444
2303,125086.42757534233
2304,167436.5158784581
2305,200476.6321788758
2306,215628.24386508658
2307,137617.663399853
2308,282697.8335587125
2309,239429.02194067207
2310,220108.48133815383
2311,175550.5589147142
2312,291900.81774739444
2313,202078.47568008018
2314,290508.697905294
2315,164902.31646875088
2316,336034.7948279417
2317,187462.3002580245
2318,48798.88842319758
2319,132217.30445030818
2320,133788.32129586162
2321,202524.4289393695
2322,488452.39833540603
2323,101501.44873074797
2324,160524.33980524354
2325,336586.7738772114
2326,225069.99431917246
2327,66723.95628890922
2328,310882.39456067653
2329,79573.07512284903
2330,131702.23797771533
2331,345108.9740156855
2332,75166.32889480538
2333,191765.26794508338
2334,168578.21966510484
2335,143691.80307525457
2336,425478.0021114968
2337,197887.75759913935
2338,55474.987897600746
2339,72183.58595822833
2340,273045.0621667432
2341,200923.0392284561
2342,294208.895013676
2343,283109.2682292452
2344,128327.23988760915
2345,114845.00193271844
2346,382032.0650659369
2347,195985.80331754597
2348,151676.54530304018
2349,159465.97501899756
2350,78918.45496854454
2351,119642.01129467663
2352,129624.78889027289
2353,337371.21499061224
2354,137178.67629885
2355,214364.9243639218
2356,136397.739503032
2357,78512.54565049606
2358,170622.16855012707
2359,434014.6769841247
2360,113811.07573233191
2361,85283.49694822067
2362,280471.0130567695
2363,57106.13671555243
2364,171984.13747868442
2365,159805.84431754597
2366,294360.55817557994
2367,490581.51521296793
2368,198263.78828036567
2369,134323.697496438
2370,289247.0692782351
2371,239204.25256238767
2372,147083.32205019967
2373,141158.92528100667
2374,207027.390644337
2375,73751.26109558548
2376,253578.42981480662
2377,204453.53867953748
2378,89803.83622522508
2379,510927.9901120971
2380,272746.88075495407
2381,87790.27573094127
2382,114425.66129691833
2383,87723.77299215386
2384,95046.46782983263
2385,125188.55581532019
2386,236976.7573492069
2387,231665.6552780128
2388,173175.6491430079
2389,321303.3812405366
2390,96406.30178762268
2391,99908.7381915474
2392,116669.11664428317
2393,411351.5199960759
2394,214558.46381967686
2395,231515.3118236071
2396,130079.177085543
2397,219917.6218849058
2398,154971.6326022425
2399,391964.45124828897
2400,327183.83497793507
2401,224179.37738758756
2402,204512.01478713416
2403,271839.5947249278
2404,284186.24714295706
2405,130451.05987293732
2406,93149.64878236837
2407,70858.65222848661
2408,63177.991838784335
2409,183422.65554800822
2410,163907.37778179557
2411,178963.27362799676
2412,127877.47163253039
2413,181775.03864796576
2414,237945.3000635701
2415,215613.1571202681
2416,86503.32128272654
2417,66335.38357102111
2418,114278.78825748253
2419,189087.7980794596
2420,288940.64966898307
2421,344937.06985717185
2422,189035.90425084176
2423,223447.33187619512
2424,281837.18323145714
2425,178218.78583136946
2426,500898.71095372725
2427,250407.77523357462
2428,493106.3432540861
2429,197329.22158003878
2430,219399.1794353216
2431,195393.79310028945
2432,188464.16733754758
2433,78205.38224760085
2434,388072.0459669265
2435,153937.25033470284
2436,84737.3847470255
2437,152030.4669285337
2438,224724.45689046092
2439,329332.1305363963
2440,128777.18754815377
2441,391936.58809285786
2442,263919.135049179
2443,109986.09187139774
2444,195934.37606237654
2445,305726.01656002796
2446,215510.554393813
2447,272216.29410782346
2448,55371.0335168921
2449,71622.73852258918
2450,64401.458910110414
2451,112556.83962507558
2452,103258.86439930082
2453,214523.39518452092
2454,118312.50549949196
2455,60447.731244377894
2456,108040.05968540873
2457,220059.77099079185
2458,86706.27059731867
2459,490907.2139121308
2460,138731.2663644296
2461,144932.6408550145
2462,162732.97267805575
2463,290002.6988257819
2464,144025.93619287183
2465,193803.5347537897
2466,190589.13226371235
2467,498002.9375431222
2468,160376.14529690196
2469,198315.8762621589
2470,501661.68001173134
2471,193305.710171701
2472,113578.96821577084
2473,112844.54915382371
2474,140048.97412247537
2475,103863.8326822882
2476,167319.18216451845
2477,240985.11812791362
2478,478036.5035407797
2479,268500.294154661
2480,86837.73671722764
2481,126931.6961385358
2482,144467.0246041911
2483,100180.81327905282
2484,127186.84110145184
2485,142609.37858668296
2486,223525.75705010502
2487,80692.02881997138
2488,77355.2316668675
2489,120804.76237810295
2490,118985.00805647857
2491,121216.98077950421
2492,92587.76433871093
2493,282861.52830068395
2494,77235.56077120051
2495,195772.66103870206
2496,393468.9755676703
2497,293681.1112984079
2498,111180.5223747766
2499,171337.3565297343
2500,138078.28345629707
2501,243881.14015710278
2502,300334.80460622255
2503,377306.833396546
2504,169081.97327315292
2505,251226.83218190115
2506,187982.06145120063
2507,129165.4584903341
2508,502606.85891299235
2509,472101.7089409227
2510,165858.96909106578
2511,289648.7379727852
2512,109926.09777746146
2513,160812.0735966253
2514,140732.35589613617
2515,206286.54628481448
2516,143826.29694386874
2517,206111.64392452332
2518,265239.34143557627
2519,456210.7795465343
2520,377086.7566529468
2521,186328.3727397509
2522,182366.50597330817
2523,381109.6759147859
2524,219208.27059238753
2525,184314.03827222696
2526,351538.9954179591
2527,239541.2742679183
2528,379983.7010318112
2529,295711.60470180516
2530,234411.2088713979
2531,188912.9349973535
2532,198690.21928200976
2533,64617.96871387316
2534,148973.57905533654
2535,257854.05804523628
2536,124043.81004868247
2537,80986.52253570117
2538,54029.61389213019
2539,199212.19554437563
2540,251495.39415119617
2541,130530.0716225526
2542,130100.853485616
2543,141174.8442741062
2544,171157.3796865302
2545,76285.37637194195
2546,307070.0561400599
2547,275259.6005441411
2548,125901.05615582835
2549,199044.7499254695
2550,92505.13385868046
2551,477765.2412056442
2552,102048.38955159958
2553,104194.98464842781
2554,103820.58233224318
2555,348589.9464633771
2556,191089.2249892483
2557,228919.31715098565
2558,156373.81551742245
2559,176480.2647686304
2560,218228.83254828159
2561,202769.24710851596
2562,95412.43318287865
2563,332458.73865968466
2564,327601.8326124065
2565,478632.7415190551
2566,351432.584842079
2567,103596.89282369165
2568,218086.86332594807
2569,389659.60631992016
2570,48957.53680207349
2571,174745.9286252603
2572,276742.794104415
2573,227266.46142663842
2574,384535.5812395889
2575,211963.78079606604
2576,230869.2840528048
2577,242149.19104629068
2578,141769.87082861882
2579,56160.76694618994
2580,98125.76992274998
2581,265690.3478809766
2582,175164.13868359308
2583,500557.94775254163
2584,488671.6827884342
2585,76754.95323679264
2586,63102.39472550638
2587,295547.02566170215
2588,163390.95871938375
2589,180451.49872782358
2590,76524.82002627662
2591,234308.15264997454
2592,208350.40858454353
2593,280210.787545232
2594,59400.71641802283
2595,449959.47473086417
2596,322673.7369274258
2597,210835.0214362748
2598,79126.61400098717
2599,185353.9988405568
2600,239970.79253860295
2601,141382.54394794948
2602,81707.99074657273
2603,216867.18274161988
2604,249508.13077882116
2605,468006.87380813353
2606,509791.5337327363
2607,252341.52710099894
2608,295516.3653382766
2609,103546.85067544493
2610,201171.70298665066
2611,144140.2773686871
2612,146483.64175746666
2613,91688.40389594398
2614,280649.3797170478
2615,154830.02183837484
2616,104954.33897468605
2617,144870.30733126285
2618,454759.8788674589
2619,92175.46572783805
2620,101403.1469726736
2621,60763.97341707797
2622,197396.89643331512
2623,155883.00073002264
2624,384187.29473794595
2625,123836.01218566942
2626,145983.990618984
2627,148248.57080517372
2628,177140.2638980999
2629,113487.59978434819
2630,120018.46428074245
2631,126662.095816882
2632,387504.50910654105
2633,123393.08564405085
2634,298352.0291356158
2635,90103.58051389865
2636,92690.29065554855
2637,287675.02482348937
2638,84451.1783136765
2639,192308.00170776824
2640,369608.90080513316
2641,69510.7987502901
2642,174567.71431281543
2643,96794.91021160051
2644,408739.796739534
2645,169089.85120554583
2646,97789.56292695942
2647,52826.46292809611
2648,117456.37175806572
2649,336321.30662907177
2650,278824.82693012146
2651,266790.8335376521
2652,96760.94379363138
2653,126363.73420284128
2654,120102.48998749416
2655,77603.95662727865
2656,96581.6481925262
2657,190210.99368383683
2658,164351.80065445654
2659,94049.58193944076
2660,158286.8423085799
2661,110072.98822014488
2662,132771.55619615968
2663,55797.30330635683
2664,176091.37732685526
2665,456392.72432073695
2666,57551.399583466155
2667,244731.48369281442
2668,171328.29340815393
2669,193960.76834988987
2670,132708.85525861455
2671,85963.23832507647
2672,186710.49284239183
2673,459180.6096162991
2674,175527.19392203676
2675,151133.99700638145
2676,178154.85163833457
2677,171212.06171169828
2678,345703.568510204
2679,332526.81241207605
2680,336274.46687370416
2681,86701.09427125851
2682,254170.8134547883
2683,153325.5561692578
2684,189124.2388074317
2685,379468.9469844162
2686,105029.23064132399
2687,80959.7643926967
2688,172992.2486337229
2689,162090.3749690057
2690,185712.32202786292
2691,235944.36410364928
2692,334417.4010109849
2693,112711.73682359044
2694,206826.9825561446
2695,217401.24933970236
2696,240661.49195297866
2697,241403.63585753902
2698,248412.49376900197
2699,310195.7298917846
2700,291873.6975635305
2701,196992.75544542755
2702,69629.720955288
2703,142127.35542120138
2704,173169.41812191022
2705,138345.25143186384
2706,249789.63991191564
2707,268348.83429684234
2708,150981.25971035013
2709,70250.30311089805
2710,252507.45262805824
2711,355442.3718492127
2712,174073.9944020387
2713,98813.77969747216
2714,227795.60077403925
2715,188077.92430488934
2716,478507.8161510244
2717,224036.2818898996
2718,540401.9868140136
2719,118848.40156418711
2720,246026.4585226897
2721,182093.02955276286
2722,137302.98895075286
2723,216356.38786988435
2724,291996.4716262774
2725,92074.97451718798
2726,346628.3134272924
2727,170835.2576228776
2728,220756.00669365714
2729,60979.39551557824
2730,479250.85370053956
2731,54897.51915074272
2732,203565.51407481558
2733,141749.13026767352
2734,301448.8261244212
2735,170267.60329394296
2736,129209.06107728886
2737,257265.4564532665
2738,202388.21815141675
2739,198269.30350724555
2740,146537.91763912013
2741,153953.8084635589
2742,81468.42687896546
2743,91704.60712804868
2744,110065.17984867352
2745,160076.3755483916
2746,99384.56788994657
2747,202088.3077878834
2748,127007.99247431158
2749,124516.87025373857
2750,117610.27697281123
2751,438441.6609709035
2752,164169.549819653
2753,349605.6632308316
2754,148394.92192603476
2755,209494.6433460114
2756,426141.8811270176
2757,76168.48336546104
2758,285836.6152487658
2759,190698.53190869367
2760,222482.52578331437
2761,185385.1838597408
2762,146607.0414919433
2763,388464.17994283093
2764,357634.1405791146
2765,225084.82720426656
2766,269363.67861663154
2767,413952.9537844283
2768,70088.41121332932
2769,161553.7693589515
2770,241816.59952216176
2771,131388.0482505976
2772,136263.55008608344
2773,82309.62771062521
2774,424978.60922760563
2775,238046.55404982716
2776,133937.8481236724
2777,162871.3939587605
2778,173874.26539482875
2779,333294.51164378674
2780,145143.7961178269
2781,103378.65995370586
2782,419933.18375822145
2783,86492.79998698813
2784,261702.18597564305
2785,113899.82979701262
2786,240556.38533129988
2787,188510.70277471744
2788,231815.56614618254
2789,291253.8202493056
2790,332363.95377201383
2791,62249.76662294526
2792,188095.7779371814
2793,82233.56710948914
2794,241308.69572928693
2795,474007.8933379529
2796,322146.34203390917
2797,158221.90446267903
2798,129054.65870027046
2799,92224.9521451563
2800,100883.82037889739
2801,112463.29859043777
2802,75947.65782651666
2803,264835.5241824845
2804,202641.02318851935
2805,198820.99335009576
2806,151045.91243453717
2807,337117.5709069863
2808,427677.575271492
2809,89628.23555744224
2810,168990.50963081224
2811,178416.38989429007
2812,75443.57036208987
2813,72415.37075500522
2814,199595.5066203638
2815,370772.5677459269
2816,269588.39326659765
2817,114288.21732991192
2818,343436.70717873663
2819,239474.7262225128
2820,258722.82594548762
2821,320785.05913598556
2822,134484.1228905414
2823,92749.60248095766
2824,246672.08526487643
2825,262452.49756417214
2826,381851.22350548283
2827,326559.7322581461
2828,160494.14727492927
2829,175591.0590667909
2830,157507.05949133338
2831,472989.50809509616
2832,171079.22583123486
2833,216779.69886421371
2834,189173.0936883004
2835,240517.20330311614
2836,413325.17509199283
2837,75995.57833618895
2838,374310.3670242997
2839,106418.98379997435
2840,84200.7627807876
2841,146573.75217347193
2842,121300.24996459583
2843,198242.96505686926
2844,72664.16060498627
2845,67718.39375536455
2846,211062.409794474
2847,146281.09661016948
2848,165436.10231765528
2849,328583.3306040877
2850,214378.85361894715
2851,267180.9215990643
2852,162831.98971038172
2853,270976.7391379777
2854,254149.33770023455
2855,96846.2165863233
2856,85617.04338035278
2857,115884.22575971665
2858,352338.11555575015
2859,60279.42541163093
2860,203303.469314509
2861,477451.63023580343
2862,247562.75583477892
2863,95875.67056752185
2864,77942.68251430211
2865,403073.94134422624
2866,117105.88277463404
2867,256890.8166809806
2868,113891.61766406798
2869,273954.0974049577
2870,230652.93654411024
2871,264519.89459504694
2872,222785.82227596676
2873,362640.74298701953
2874,210666.9638339555
2875,167270.86109872273
2876,106969.19434415421
2877,67240.44905676083
2878,242195.3885646164
2879,411582.5542054863
2880,434146.24345357483
2881,266745.6734430669
2882,453044.8964165801
2883,277644.5453077525
2884,163055.47794869935
2885,151792.5062200257
2886,246525.06805387727
2887,92167.41327320134
2888,209912.08274962733
2889,270020.78246858815
2890,415627.98312517884
2891,116543.60731641005
2892,163362.60756222342
2893,112168.3772517692
2894,227214.36710858002
2895,190133.1947784796
2896,98882.90362653033
2897,126899.72881471335
2898,242178.8139257017
2899,194214.3366690905
2900,343321.9830479007
2901,416196.05513654114
2902,93959.96702723706
2903,184520.32156851265
2904,159715.8949555319
2905,120942.60969758434
2906,203191.6411889047
2907,188514.95231970312
2908,461230.75171994895
2909,128761.88840985634
2910,253990.64677059237
2911,63511.47965970744
2912,106988.70223841006
2913,275128.7036605492
2914,153550.27987235948
2915,382661.5388197832
2916,130203.64853949475
2917,451411.6136903974
2918,290127.5149142143
2919,158055.77541498985
2920,242300.74893581163
2921,253446.23868992217
2922,284550.4044178716
2923,103374.96941828413
2924,196389.3470752673
2925,352164.6674828809
2926,110100.51610378621
2927,307187.25972769526
2928,312290.8330078884
2929,320348.0133829609
2930,436871.8221748745
2931,258973.8903387777
2932,99646.19965604221
2933,201677.6546716221
2934,130801.84918725496
2935,202350.46125278453
2936,169844.64379374072
2937,50398.7399704586
2938,399884.2644586086
2939,113320.12954566689
2940,122003.80001871737
2941,228201.12367359234
2942,145721.05723985485
2943,157327.109228726
2944,110166.72117089342
2945,214689.5885635749
2946,257454.9166307288
2947,256257.83602108184
2948,147445.1445170733
2949,491481.0512841508
2950,171522.38075937403
2951,213178.48175391153
2952,156745.4533923654
2953,164898.20193626446
2954,150415.7032987835
2955,111314.92310296276
2956,236847.6368670317
2957,168537.09858360275
2958,83940.0788814318
2959,173101.22197164514
2960,455294.81333938084
2961,208976.0513057416
2962,148584.39808766666
2963,237361.0452109757
2964,197818.4825684347
2965,168311.3051662451
2966,121599.34593879039
2967,180672.16070624767
2968,250603.0081116236
2969,118968.30599989282
2970,185752.19342300476
2971,157894.11952743388
2972,85216.7741847483
2973,159778.04569777354
2974,222402.2316552099
2975,131285.86936837638
2976,91612.86200824332
2977,306260.72152006906
2978,210125.25062386887
2979,234521.23023020267
2980,192354.14197842107
2981,349700.80509693315
2982,179101.08728041145
2983,266217.9282436659
2984,190192.79490479588
2985,105293.94001005519
2986,198322.54750698007
2987,139614.74614664627
2988,231728.4213609529
2989,204193.43231599563
2990,106718.78801615938
2991,122100.86094549151
2992,161211.77894975035
2993,324074.5279588182
2994,127956.12377565098
2995,211777.94188124212
2996,442935.57502042525
2997,223879.58343815728
2998,151639.12621218583
2999,173466.58112895873
3000,141846.23022556285
3001,113059.18698332924
3002,228812.15120430756
3003,144866.9772600693
3004,277708.8023832358
3005,330104.3382530125
3006,331966.03253537917
3007,100763.73164444693
3008,91397.7227516059
3009,361922.00653891254
3010,222807.8640626042
3011,269418.06876073417
3012,399278.3439898876
3013,132070.6775012676
3014,167283.14541153744
3015,58888.90831450631
3016,49928.29359781566
3017,110424.26964334445
3018,101182.01985114082
3019,309131.22132579854
3020,127281.92926560371
3021,254138.285359168
3022,291403.53651874966
3023,501940.4851866857
3024,142778.4136717934
3025,198887.64557395273
3026,88296.26634939393
3027,439471.9774640951
3028,277904.0080444368
3029,225903.29155707435
3030,137216.70746564935
3031,303466.92362278607
3032,84481.28401535228
3033,214461.60185497772
3034,84849.79278760258
3035,299619.3191768479
3036,144855.60574031319
3037,368863.3081096896
3038,107414.68269515796
3039,124272.48924104053
3040,77143.79502820785
3041,271681.16452703875
3042,137409.54445556834
3043,157471.51915132627
3044,270839.87680156995
3045,515684.6523784156
3046,144195.5084818179
3047,161843.67211910652
3048,516322.81853095593
3049,219516.26903522713
3050,426922.32634765044
3051,210183.87769060236
3052,191739.0658505762
3053,270584.0852978811
3054,418081.28951801127
3055,205279.5414972838
3056,225996.02802395102
3057,101291.42773520049
3058,359146.1152737335
3059,213676.5591779924
3060,496225.8544023115
3061,89190.73645999676
3062,298210.7223492154
3063,184765.55140544596
3064,167774.03355939288
3065,107731.53039442809
3066,206164.23038633834
3067,159875.9758983
3068,82577.49887690948
3069,163558.82542345347
3070,413564.20645803097
3071,455700.2654164314
3072,150725.73357681825
3073,370556.81320746324
3074,357169.36028766684
3075,251371.25688619574
3076,253749.20837537275
3077,140839.03502036654
3078,155469.88771330676
3079,99474.5150150813
3080,93471.19921381531
3081,194439.2831168428
3082,326528.70076533285
3083,270199.82970892964
3084,223780.43251764146
3085,188270.2778054857
3086,397018.5390592445
3087,186406.11137457308
3088,210187.67047516676
3089,159207.05703264062
3090,72015.1634085208
3091,160034.7635283337
3092,168631.20847759105
3093,182282.93554195543
3094,223322.62033798406
3095,187545.7670897567
3096,181076.0377672012
3097,417939.0218198687
3098,223169.32923365437
3099,288847.74170940963
3100,142809.30893324065
3101,174624.8442637788
3102,338302.9169811158
3103,203914.87073579695
3104,357144.09455554176
3105,124564.88897524061
3106,150024.00945961798
3107,136808.58692593974
3108,217579.70756913253
3109,176360.73414867715
3110,81501.7473585942
3111,299571.807896491
3112,190712.80512352334
3113,111968.84688010768
3114,263369.9907505082
3115,455726.9288158943
3116,289868.79206897476
3117,117059.7427882778
3118,183687.1054900756
3119,296766.5791847744
3120,421879.6206867879
3121,82724.24606911007
3122,338712.7847897134
3123,165571.27997087958
3124,217377.51724554342
3125,225088.96316382685
3126,77009.3100167785
3127,194052.65501114205
3128,188666.47717641678
3129,80516.2347481958
3130,91892.77732198613
3131,214548.05262044573
3132,230909.4908261752
3133,161256.99590152723
3134,254158.8425970289
3135,274275.0699341267
3136,233217.11949753968
3137,129915.04942178447
3138,186158.0327240672
3139,93107.59327746654
3140,58869.113989454476
3141,77394.7450532451
3142,184722.4447005737
3143,306751.626305016
3144,137496.40501072124
3145,481904.95100240625
3146,202599.0999289276
3147,94946.20341160572
3148,215156.50727283297
3149,169894.37614934985
3150,122209.9106926231
3151,101376.79372707894
3152,84178.34747816387
3153,203025.0878644986
3154,118767.09495294545
3155,53373.87057577982
3156,346301.1250613148
3157,400128.58802796283
3158,132204.51044414265
3159,234458.61094405362
3160,186085.20187361215
3161,283826.8331953633
3162,203434.47050606512
3163,150972.99054884416
3164,117817.74657330578
3165,164606.6498344515
3166,109743.65377866823
3167,163960.60764167306
3168,214381.22117768024
3169,99317.68953383727
3170,262579.68856016884
3171,210591.40271935263
3172,196127.8963353649
3173,255845.32847662206
3174,196360.5202583822
3175,279818.03919401823
3176,97474.16457304885
3177,279590.0082323033
3178,339908.7328188447
3179,225173.9894973517
3180,103921.147107869
3181,229109.4428383515
3182,116928.75581398641
3183,300612.76731145213
3184,60351.564648283085
3185,62644.26937673129
3186,305850.97333337355
3187,206559.53504150824
3188,189954.93425283371
3189,379488.9122502586
3190,151867.62670806888
3191,117779.39766996406
3192,187806.12253628956
3193,298804.2146242788
3194,109776.656546924
3195,125785.81764188115
3196,327749.1759781848
3197,112448.65062587238
3198,125765.00657992487
3199,258557.6171471935
3200,257428.7857943226
3201,83341.32222102
3202,411807.89966233243
3203,201399.13159422373
3204,174157.95556677296
3205,269112.1343374675
3206,150777.20055546932
3207,211938.48298659304
3208,115817.69908677394
3209,259113.9476066398
3210,94777.839708368
3211,167601.1238914056
3212,164155.477171575
3213,235209.68594914788
3214,128757.64438307792
3215,113330.74337068401
3216,463512.5025536846
3217,372032.98337030946
3218,157560.45686714043
3219,109944.8446002332
3220,308239.4173803829
3221,375766.8012520722
3222,305835.735105417
3223,225206.6839226617
3224,297064.42283346475
3225,70312.03219132416
3226,207314.72951731447
3227,199459.84181344896
3228,278230.30205394013
3229,259058.90094144925
3230,120249.41686702208
3231,176495.79894609697
3232,195360.83576152573
3233,154819.748094952
3234,187224.7123991176
3235,184374.25790924876
3236,157103.4635101076
3237,130197.95146940116
3238,268611.90368807176
3239,104480.3479179957
3240,311483.6673801731
3241,286277.0603697506
3242,76984.92351093386
3243,276656.6122702614
3244,320352.4939800847
3245,214825.7827400535
3246,157422.99577093916
3247,101591.37434575116
3248,114408.42925062742
3249,461823.32229329174
3250,304686.89186317625
3251,183726.60548022285
3252,116957.77777923661
3253,153264.5054946039
3254,147775.78887753247
3255,199676.78363175588
3256,423951.06557318463
3257,124666.29307233199
3258,276157.0212733892
3259,190917.80354191136
3260,451716.54788102146
3261,368105.3928042898
3262,73409.42537277346
3263,208300.97651215858
3264,123090.16291648528
3265,125467.24720623557
3266,409243.4881572831
3267,197674.44882024924
3268,194242.51814492955
3269,120083.3723177723
3270,119084.68151587262
3271,189824.21349443216
3272,173596.31588483212
3273,122086.21248158102
3274,169941.4703161604
3275,103835.77634032536
3276,363480.88919344917
3277,65715.97488125606
3278,175340.19838226412
3279,271968.1859682931
3280,297797.164889427
3281,203098.55459363008
3282,65088.4547264955
3283,189832.93801081122
3284,157788.60987491446
3285,152369.2214962641
3286,379483.2516659501
3287,101229.25423726666
3288,413538.45604476763
3289,173560.40836297322
3290,93721.89555583648
3291,174710.0054690254
3292,256414.4754915202
3293,206037.03836276225
3294,178745.85447613976
3295,106958.88613194633
3296,137639.63628976222
3297,137523.6567034142
3298,242810.70491533194
3299,246435.68206280388
3300,194418.470300321
3301,164585.4308720456
3302,208407.64448630996
3303,133987.40304555482
3304,354344.36670396547
3305,107120.24719295755
3306,202319.8184774557
3307,97253.419372251
3308,50933.0347987213
3309,180379.4258103363
3310,321471.4903926186
3311,132451.74044963362
3312,205656.14846349452
3313,196276.78639221773
3314,52969.80097779073
3315,113364.14965735642
3316,200607.5608210163
3317,153393.69318403944
3318,85648.77856430663
3319,296573.0802225112
3320,193872.0174538226
3321,262029.83904273223
3322,107698.58501797699
3323,200214.5795414683
3324,223504.7049338256
3325,105104.10792789614
3326,82571.79890310655
3327,48415.31039047884
3328,333813.4045186038
3329,187153.50291849807
3330,108657.85838679981
3331,162654.34700946015
3332,259711.7376809852
3333,186315.9785627952
3334,171267.95959592168
3335,174827.672156061
3336,49980.749941468035
3337,104508.18498447043
3338,52023.276423105766
3339,320770.0421922001
3340,331700.75309610995
3341,135284.22026861936
3342,149489.60891066358
3343,378797.4511971689
3344,92128.6470141903
3345,92724.92601371848
3346,115983.68097731168
3347,188186.6532317298
3348,143270.11587337882
3349,463780.9771940253
3350,158020.19363793434
3351,354884.2290574987
3352,200578.37410735784
3353,138842.78261292388
3354,499407.0906424869
3355,292172.85000548686
3356,356943.0170896907
3357,260844.85004878364
3358,59445.262057553235
3359,118062.41611963364
3360,118941.57162377682
3361,146661.79391996667
3362,432119.6403233943
3363,200741.35785456977
3364,318729.2709655949
3365,118800.14439531267
3366,213711.1411910152
3367,239119.57002702323
3368,80099.695999071
3369,359133.3542658866
3370,155356.94424058465
3371,184302.8306917699
3372,162585.5911570227
3373,256554.94393685955
3374,227571.7484391302
3375,230936.18614754095
3376,105678.00587462398
3377,170655.24705101817
3378,159893.91893517599
3379,146556.45786150702
3380,238971.8203775286
3381,46876.004638150705
3382,118670.82640238747
3383,307400.1743794362
3384,185863.6302666556
3385,221585.627810666
3386,349506.8782128419
3387,422084.02658281743
3388,226618.79287275678
3389,205989.82071144867
3390,151431.3430387415
3391,241195.71272526716
3392,101994.32951559091
3393,213587.19508214848
3394,208030.63162753062
3395,255765.23103023437
3396,173485.87760441273
3397,149565.64470860898
3398,214544.42618878977
3399,208975.63677381357
3400,222403.5752697916
3401,232489.77485103824
3402,131308.9155744941
3403,59330.047249994226
3404,144233.66392596072
3405,171547.5847292557
3406,215723.9822363684
3407,349959.3417251655
3408,96866.2951177679
3409,234380.8406535131
3410,130557.22176061501
3411,187861.83392305643
3412,195346.39679851796
3413,65112.03690531716
3414,126503.86235898694
3415,341866.4293244624
3416,272713.2204929761
3417,91202.03249641103
3418,176849.7220786472
3419,305287.53784397675
3420,59891.32491065203
3421,212015.95010402764
3422,69298.45641090535
3423,69590.9553442543
3424,208159.08335097367
3425,131870.10738075574
3426,204884.3155842316
3427,333164.52413330134
3428,349314.6747765431
3429,124663.3014533768
3430,184953.2776117727
3431,318541.2750329766
3432,518555.8320345259
3433,309468.0448366849
3434,465586.5120384409
3435,95251.33902526493
3436,175304.8786079794
3437,229237.78778817807
3438,129751.5231097317
3439,66534.78237426536
3440,150026.08285209435
3441,245364.18279548502
3442,105106.49872604135
3443,331781.57282758213
3444,200747.25912405504
3445,266195.1289303845
3446,136841.70994399252
3447,179453.88715629646
3448,488051.7129366434
3449,470813.8884449742
3450,125334.32321230427
3451,321204.9913011972
3452,93008.02841282322
3453,195542.26370226883
3454,224401.95701272384
3455,502277.7996265376
3456,117608.61385588377
3457,92267.64502406208
3458,141756.40967084453
3459,320110.39172393864
3460,90509.66090062395
3461,51533.43464228664
3462,219186.99959099764
3463,189461.84951772378
3464,381594.52584595705
3465,150168.06883991673
3466,255848.13870980268
3467,100616.7991114248
3468,223013.1079001905
3469,140890.5754558362
3470,99352.79028802834
3471,56737.5210846161
3472,200537.05719658028
3473,197851.9814686792
3474,233092.54674556397
3475,460869.12431897793
3476,209772.1617859539
3477,211876.03792507382
3478,350894.2430976393
3479,116960.91860047204
3480,173806.1031901783
3481,181317.52401251873
3482,87585.96721305329
3483,213469.80703275808
3484,121992.05122868597
3485,156000.10494710284
3486,67076.42753514452
3487,180957.95951313426
3488,125846.19398803101
3489,186014.91655063484
3490,406342.13012829307
3491,259422.80404470552
3492,294409.223369685
3493,243272.16625497967
3494,140907.5509904643
3495,162367.40354183986
3496,71313.77324161402
3497,167065.5464429878
3498,135386.93604300485
3499,113212.88348328636
3500,304777.75279144576
3501,200555.33914048443
3502,235908.55669054826
3503,149681.58968257543
3504,156471.01258683647
3505,56772.50604513109
3506,86198.25835851891
3507,98349.91966372065
3508,57624.92041806575
3509,198993.22658661965
3510,130638.3357312348
3511,89116.67175261516
3512,280001.173806014
3513,152591.66843844025
3514,416924.1013944592
3515,132295.68050624427
3516,127101.26197326242
3517,138221.09024433393
3518,88584.8269166222
3519,147347.78894960147
3520,318500.07657135127
3521,143644.1076041063
3522,372315.4134888784
3523,161422.2995506422
3524,201369.69549492904
3525,189780.54550246295
3526,356646.6235901823
3527,176528.2606108622
3528,160603.17066713542
3529,98775.59359565174
3530,117189.48153217115
3531,123156.48798752489
3532,461828.64816726826
3533,145319.20397197595
3534,109120.86963893459
3535,142153.78901844972
3536,190330.9447919014
3537,170330.23526000234
3538,233280.55063565137
3539,213995.0716776339
3540,165791.6017268328
3541,193404.35984216246
3542,85179.26100803519
3543,463478.0153964711
3544,100468.27098760213
3545,295657.01886010804
3546,246057.2843686265
3547,140749.26515444083
3548,289761.7604447855
3549,162804.83593494265
3550,252537.78394946043
3551,290197.251445406
3552,161650.67357076614
3553,147152.48322482524
3554,105874.29085982613
3555,182495.88825052447
3556,30103.273362526397
3557,124067.89587775608
3558,75115.96641480966
3559,274606.19348689273
3560,462197.19269412267
3561,240019.86653866572
3562,446979.79348397756
3563,366849.8823959198
3564,369437.953051729
3565,339774.7417420206
3566,102034.5561519172
3567,214393.15027257436
3568,153517.10688822356
3569,266085.01990774716
3570,188816.03594166783
3571,447008.6823265322
3572,257885.76026952307
3573,380859.70108090225
3574,253223.9792432163
3575,86277.03974313656
3576,349695.34025035886
3577,186302.05848438933
3578,173027.2063262692
3579,174471.51240246592
3580,181268.64476669725
3581,142800.59665578982
3582,275866.17338475154
3583,482159.95379228937
3584,102182.46198616986
3585,100517.13652162958
3586,347184.4607660683
3587,152084.98442218459
3588,164007.88034884783
3589,165978.5300290418
3590,122065.56304301361
3591,127351.08023514741
3592,254187.62781452033
3593,126297.08749111216
3594,373262.8711461073
3595,145384.20669276267
3596,110646.8672737412
3597,217084.16210075485
3598,183730.85199293052
3599,154388.5209265811
3600,234288.54178764013
3601,204818.62251355057
3602,472702.7811485152
3603,99832.43146673459
3604,233749.9816991114
3605,102309.98873937697
3606,198081.8975022785
3607,181804.07552789646
3608,237804.48368421796
3609,61119.02692334111
3610,230695.07009651876
3611,227333.25330440974
3612,185792.7479507473
3613,458573.6766649847
3614,206911.4240604733
3615,180496.59260205698
3616,347050.83350069274
3617,340814.8485838001
3618,214718.99136866178
3619,141832.26501372084
3620,248415.2886022383
3621,218267.7409856387
3622,206034.93969475568
3623,237166.48193908948
3624,366941.1420187708
3625,466437.1782317258
3626,217566.9764232065
3627,91903.1840124291
3628,303897.0681316167
3629,82552.02705809372
3630,145923.51851585764
3631,146470.7750606102
3632,82957.01330991855
3633,148218.11247934087
3634,155629.7800517906
3635,317004.6546970189
3636,90926.92165469438
3637,114847.2804147941
3638,111496.90808639885
3639,511690.8234525431
3640,113468.00900484147
3641,167768.95974446106
3642,137228.4455017911
3643,239739.99686035275
3644,115432.8252760025
3645,312500.7510198753
3646,269316.1176167047
3647,190610.04329368134
3648,241060.3299868292
3649,248002.70017454738
3650,386858.975776309
3651,102547.35552651613
3652,313138.22763237293
3653,159997.3600471947
3654,80549.08247438606
3655,297221.70721425285
3656,254770.54358026083
3657,300968.096907645
3658,348404.75715432863
3659,195623.39651640298
3660,155510.94130150514
3661,177439.58210962865
3662,145153.95890199838
3663,460609.9543779725
3664,490855.43887669535
3665,204667.2869351011
3666,212981.42547993473
3667,201327.88890887023
3668,59838.91009845625
3669,120751.95871013586
3670,204775.40773329348
3671,499399.05355203163
3672,172680.81772296946
3673,155462.48374380544
3674,251663.6636899659
3675,190457.4722738958
3676,137358.573094923
3677,180309.3616035569
3678,283571.2896192565
3679,200251.36088956014
3680,142245.8193222288
3681,191600.85586330807
3682,57480.10229281917
3683,230860.37740197574
3684,50028.96961009393
3685,93483.3105427508
3686,209200.64600731773
3687,87218.5333254333
3688,207478.10062021203
3689,134240.96925622143
3690,222585.03996276628
3691,211778.4423543139
3692,350697.0467781761
3693,212380.0895582813
3694,96344.37793447188
3695,488362.1027993851
3696,69789.71540547704
3697,159176.42149169307
3698,65728.49426746892
3699,144927.55457675556
3700,292336.9042475079
3701,252115.0364836554
3702,201624.58041817456
3703,84927.10943613652
3704,242963.25421747577
3705,184969.37001521233
3706,229041.86873992774
3707,89340.34143462803
3708,155640.59516109788
3709,83167.76698816696
3710,167269.8372498221
3711,226555.25284905423
3712,233209.2965810474
3713,173843.93256844446
3714,417977.8840991801
3715,229359.82685138576
3716,84804.17017752319
3717,230666.18565979393
3718,121727.76840150506
3719,179796.40701168383
3720,247416.77655188314
3721,288077.2850550139
3722,133204.92755837145
3723,52020.67915689682
3724,65873.94667530624
3725,138938.3620212213
3726,102625.11180300283
3727,189059.26018325274
3728,62219.63182269155
3729,336678.1131551822
3730,340824.01495956484
3731,84387.5493637357
3732,493335.19389519887
3733,340148.5635240539
3734,145437.85555531515
3735,258342.41471421949
3736,187092.0183880056
3737,135686.22350620615
3738,320015.4760525073
3739,92286.71832874515
3740,179926.01885959416
3741,93903.79616694253
3742,318516.68363562255
3743,170037.1043028211
3744,263028.56151943444
3745,200608.80239534474
3746,160787.567870747
3747,293088.70264021197
3748,80961.60123680832
3749,157466.26604956549
3750,240364.27130358032
3751,97636.76919287216
3752,336673.5697158417
3753,94486.27137804378
3754,141831.32213244084
3755,86767.16331308814
3756,185874.78816578677
3757,147333.46195393964
3758,376393.23803521664
3759,180360.0534268108
3760,70032.23711301127
3761,205315.91976638584
3762,195744.9989854269
3763,312845.48787827743
3764,445647.1662182426
3765,198808.10752582765
3766,262491.9243836344
3767,95427.88119141624
3768,70708.07996739715
3769,193735.66194918103
3770,65736.6511509847
3771,183422.5473317185
3772,306197.2728613999
3773,177060.66823676854
3774,164176.00263401
3775,373011.8675640065
3776,144946.63172614432
3777,55447.91257378221
3778,190294.93445827125
3779,399082.41997027077
3780,146378.95216096324
3781,192012.44825352787
3782,232924.43146382508
3783,400914.12092151784
3784,121074.16451672331
3785,127615.27010059802
3786,122438.93593407246
3787,185890.42460871045
3788,481029.9831531687
3789,49200.02149223866
3790,157530.7002778552
3791,311810.9555447262
3792,191753.62252614036
3793,84721.7146734188
3794,404079.4912222189
3795,214069.29003919128
3796,195698.96435998473
3797,241614.51157598034
3798,224242.4574974821
3799,142793.84206888327
3800,215435.72034582077
3801,226922.88944854663
3802,201720.07941678335
3803,212634.83925500955
3804,255533.0032222098
3805,120634.49272153818
3806,126731.79001997071
3807,135472.69264548045
3808,105001.76038827843
3809,171202.07850524943
3810,175027.1184105851
3811,311128.2861449149
3812,405636.88563427224
3813,181136.3944764724
3814,235881.96326091827
3815,74056.83129816742
3816,178488.61828123382
3817,100223.40498241011
3818,149436.9245549956
3819,170831.67754083226
3820,376653.2576946257
3821,130171.01084147193
3822,156189.81863464828
3823,319236.143509952
3824,154790.03545706737
3825,83517.91234476698
3826,342361.163387296
3827,150967.66091874585
3828,215298.2192745045
3829,366222.80252024054
3830,77480.76131621262
3831,186585.73039384827
3832,413951.69393517124
3833,73720.7748498459
3834,474681.3826232217
3835,202163.36089168943
3836,90935.65413839623
3837,102999.16633314703
3838,93402.60623348992
3839,66752.30886874435
3840,367946.16606496857
3841,356734.8811119418
3842,228864.7018161837
3843,116132.37373846312
3844,76957.88115283904
3845,84130.57169969704
3846,180074.10963412974
3847,113201.2859305417
3848,96149.62690577793
3849,209364.94878880732
3850,193673.41171940573
3851,109487.1270202868
3852,165375.7826194369
3853,104973.11604053676
3854,74544.18497728952
3855,181026.17361102594
3856,196830.75073733067
3857,404196.1340197731
3858,240791.97363800224
3859,303662.05759867706
3860,385667.95385703526
3861,358724.40665662335
3862,360617.487933931
3863,79425.60350974005
3864,115886.06798864563
3865,376099.78140768653
3866,225536.7722985744
3867,126799.54892553299
3868,132358.9776467061
3869,181315.75294123034
3870,139119.0775073257
3871,315161.4600339295
3872,372198.2868665035
3873,164543.91446652508
3874,47720.481228039615
3875,307652.5473888308
3876,213095.71894791618
3877,188730.48812012604
3878,220367.0683049481
3879,108972.1713234364
3880,143573.15709792188
3881,198117.8667016026
3882,81877.21096623963
3883,123285.69323894125
3884,199016.19065837772
3885,182113.49377388932
3886,60337.97990074148
3887,87999.62347329877
3888,154098.77322979577
3889,220354.2047506363
3890,195555.25250780143
3891,108844.57299345986
3892,145637.94661603222
3893,165246.73296620324
3894,98719.01512399559
3895,111001.43306093116
3896,176602.85694041013
3897,196159.53323143424
3898,265582.7971978212
3899,67550.73779412324
3900,364903.5972406721
3901,59802.888091687855
3902,392912.0707787303
3903,291039.03206832346
3904,365970.4057764994
3905,323284.41259531083
3906,69071.27496785665
3907,54633.19041573875
3908,119172.8991904048
3909,360417.94331575086
3910,272048.76069638104
3911,460155.54433630756
3912,145947.06545145728
3913,58650.37691270576
3914,173384.03550463117
3915,248137.93110439467
3916,136977.00831274688
3917,270308.26732491376
3918,125939.02479146037
3919,161594.22843794024
3920,259902.08833924757
3921,313096.45754478534
3922,181378.75921408436
3923,305250.9400935342
3924,254220.2549366861
3925,122458.65384411463
3926,304990.60039072833
3927,260075.0739916695
3928,237721.26478703952
3929,210350.24988261962
3930,295547.9348326387
3931,191413.4304347296
3932,68141.64173841351
3933,389796.047762537
3934,301335.2907302128
3935,116837.49005785564
3936,383275.70125538425
3937,227895.60560866812
3938,145603.32261452632
3939,224983.28247363196
3940,152592.90742229985
3941,249041.5331256594
3942,174197.17489613235
3943,299898.52279283555
3944,266281.0528391817
3945,117450.58410967281
3946,106683.68392584672
3947,418823.86045834876
3948,76733.13096808425
3949,184010.51236816257
3950,155692.61855967582
3951,98342.99320447713
3952,361400.57799547096
3953,65123.2472192617
3954,135412.44111496047
3955,191571.21418178786
3956,168361.8221516203
3957,78529.16932532092
3958,206557.2614319151
3959,277630.7412193149
3960,315296.4958559903
3961,327230.48311315314
3962,353336.4182958568
3963,190410.03595433675
3964,258643.44155184948
3965,214096.03091453825
3966,109550.09216157845
3967,100074.07336381552
3968,143881.91930420412
3969,158116.8373091753
3970,166181.4128025825
3971,106581.74065464296
3972,203287.55934873378
3973,191219.07549092843
3974,184138.34848212556
3975,253566.06171196036
3976,96975.86290391476
3977,215037.19866171238
3978,191561.93413799687
3979,87257.9654481074
3980,497559.402998809
3981,93736.10667596624
3982,396324.23283585656
3983,191853.11985322405
3984,95492.13867896315
3985,245620.75193932894
3986,61313.230842694065
3987,342429.4806293324
3988,243811.9807415084
3989,263627.68810974277
3990,186340.06701356906
3991,255963.7780658251
3992,282239.7484714193
3993,105536.72399473564
3994,204770.68500579378
3995,216046.59662366117
3996,168689.96324987378
3997,61127.73588326134
3998,187476.6593045781
3999,115036.37490736652
4000,175956.93295664198
4001,86612.71994905912
4002,284384.7814932979
4003,78332.67510494548
4004,241010.7231652839
4005,248404.28131590912
4006,503528.91073943686
4007,166519.80692088918
4008,507894.45175112097
4009,217651.68593442597
4010,294923.54146032716
4011,134415.8993214866
4012,373410.2199073403
4013,171035.64385366032
4014,114152.50078806235
4015,191429.3953519204
4016,276291.28334620444
4017,205922.36138705848
4018,262683.69549276424
4019,56720.9677913589
4020,83947.91241145885
4021,166876.60170007852
4022,151541.2357497203
4023,422207.05125952564
4024,291281.80752654094
4025,105769.58084350484
4026,240844.10174774288
4027,220796.56849055656
4028,236995.57986816298
4029,258499.759306986
4030,190792.97695601976
4031,240574.5918740293
4032,129619.29396148131
4033,122443.60091861035
4034,267524.51780854294
4035,271300.61599661596
4036,110296.29266798052
4037,189834.3636295158
4038,59615.24001809122
4039,370089.7519758583
4040,61335.8481101969
4041,354026.7648471623
4042,262498.87627128017
4043,170883.24108768435
4044,91864.3409520966
4045,368277.9768022924
4046,258248.9597649307
4047,73931.6351946962
4048,507490.31752922235
4049,163026.17939789948
4050,140694.68417923932
4051,169830.26181242446
4052,122200.06744428197
4053,377581.47054719785
4054,400922.0542724887
4055,202142.58699369876
4056,185279.31086775337
4057,160221.7162460449
4058,102102.34936696939
4059,482801.7329359135
4060,284484.5066523021
4061,199710.4545771915
4062,320935.46034195967
4063,89384.65209375291
4064,290522.7346320578
4065,71116.3277331266
4066,341903.65179067175
4067,96822.40638479323
4068,129071.60018290539
4069,159847.43675322266
4070,141275.20748937686
4071,240933.78522822232
4072,245365.44966050703
4073,207623.95936793688
4074,464437.5892458779
4075,307109.73322172475
4076,194406.7938935727
4077,517593.2925025036
4078,218326.86776092154
4079,139864.03969798877
4080,352031.207157863
4081,435616.96866443806
4082,157511.87756227737
4083,217645.18249178166
4084,150264.6371518581
4085,224029.7522145664
4086,145015.55955793674
4087,158831.06881454762
4088,494323.8705941845
4089,131925.36024358048
4090,67564.00235696131
4091,376809.4804095858
4092,203468.72470309222
4093,117309.34774735465
4094,74272.13943663632
4095,130115.15944290854
4096,113249.77711247865
4097,278026.62778762484
4098,153268.8751005538
4099,365462.1943844188
4100,290294.2372035993
4101,434509.62748950126
4102,249743.8795500605
4103,121290.49276963141
4104,482698.1267250369
4105,394343.08595788066
4106,166092.00352921596
4107,70746.57392329857
4108,82701.36344196784
4109,144407.65271069432
4110,174265.2926923257
4111,405963.8492232531
4112,399667.1681659048
4113,123542.56012729777
4114,89752.92172364023
4115,263405.68068966724
4116,85687.86961740041
4117,211949.66052325536
4118,76168.43831145109
4119,269609.07601197006
4120,239131.54988405036
4121,277274.48638133105
4122,64531.314633205235
4123,168194.2885417528
4124,459314.3046349611
4125,94988.3785917577
4126,366234.15718830435
4127,193850.06860352776
